-- MySQL dump 10.13  Distrib 8.0.32, for Win64 (x86_64)
--
-- Host: 127.0.0.1    Database: d3code
-- ------------------------------------------------------
-- Server version	8.0.32

/*!40101 SET @OLD_CHARACTER_SET_CLIENT=@@CHARACTER_SET_CLIENT */;
/*!40101 SET @OLD_CHARACTER_SET_RESULTS=@@CHARACTER_SET_RESULTS */;
/*!40101 SET @OLD_COLLATION_CONNECTION=@@COLLATION_CONNECTION */;
/*!50503 SET NAMES utf8mb4 */;
/*!40103 SET @OLD_TIME_ZONE=@@TIME_ZONE */;
/*!40103 SET TIME_ZONE='+00:00' */;
/*!40014 SET @OLD_UNIQUE_CHECKS=@@UNIQUE_CHECKS, UNIQUE_CHECKS=0 */;
/*!40014 SET @OLD_FOREIGN_KEY_CHECKS=@@FOREIGN_KEY_CHECKS, FOREIGN_KEY_CHECKS=0 */;
/*!40101 SET @OLD_SQL_MODE=@@SQL_MODE, SQL_MODE='NO_AUTO_VALUE_ON_ZERO' */;
/*!40111 SET @OLD_SQL_NOTES=@@SQL_NOTES, SQL_NOTES=0 */;

--
-- Table structure for table `act_evt_log`
--

DROP TABLE IF EXISTS `act_evt_log`;
/*!40101 SET @saved_cs_client     = @@character_set_client */;
/*!50503 SET character_set_client = utf8mb4 */;
CREATE TABLE `act_evt_log` (
  `LOG_NR_` bigint NOT NULL AUTO_INCREMENT,
  `TYPE_` varchar(64) COLLATE utf8mb3_bin DEFAULT NULL,
  `PROC_DEF_ID_` varchar(64) COLLATE utf8mb3_bin DEFAULT NULL,
  `PROC_INST_ID_` varchar(64) COLLATE utf8mb3_bin DEFAULT NULL,
  `EXECUTION_ID_` varchar(64) COLLATE utf8mb3_bin DEFAULT NULL,
  `TASK_ID_` varchar(64) COLLATE utf8mb3_bin DEFAULT NULL,
  `TIME_STAMP_` timestamp(3) NOT NULL DEFAULT CURRENT_TIMESTAMP(3),
  `USER_ID_` varchar(255) COLLATE utf8mb3_bin DEFAULT NULL,
  `DATA_` longblob,
  `LOCK_OWNER_` varchar(255) COLLATE utf8mb3_bin DEFAULT NULL,
  `LOCK_TIME_` timestamp(3) NULL DEFAULT NULL,
  `IS_PROCESSED_` tinyint DEFAULT '0',
  PRIMARY KEY (`LOG_NR_`)
) ENGINE=InnoDB DEFAULT CHARSET=utf8mb3 COLLATE=utf8mb3_bin;
/*!40101 SET character_set_client = @saved_cs_client */;

--
-- Dumping data for table `act_evt_log`
--

LOCK TABLES `act_evt_log` WRITE;
/*!40000 ALTER TABLE `act_evt_log` DISABLE KEYS */;
/*!40000 ALTER TABLE `act_evt_log` ENABLE KEYS */;
UNLOCK TABLES;

--
-- Table structure for table `act_ge_bytearray`
--

DROP TABLE IF EXISTS `act_ge_bytearray`;
/*!40101 SET @saved_cs_client     = @@character_set_client */;
/*!50503 SET character_set_client = utf8mb4 */;
CREATE TABLE `act_ge_bytearray` (
  `ID_` varchar(64) COLLATE utf8mb3_bin NOT NULL,
  `REV_` int DEFAULT NULL,
  `NAME_` varchar(255) COLLATE utf8mb3_bin DEFAULT NULL,
  `DEPLOYMENT_ID_` varchar(64) COLLATE utf8mb3_bin DEFAULT NULL,
  `BYTES_` longblob,
  `GENERATED_` tinyint DEFAULT NULL,
  PRIMARY KEY (`ID_`),
  KEY `ACT_FK_BYTEARR_DEPL` (`DEPLOYMENT_ID_`),
  CONSTRAINT `ACT_FK_BYTEARR_DEPL` FOREIGN KEY (`DEPLOYMENT_ID_`) REFERENCES `act_re_deployment` (`ID_`)
) ENGINE=InnoDB DEFAULT CHARSET=utf8mb3 COLLATE=utf8mb3_bin;
/*!40101 SET character_set_client = @saved_cs_client */;

--
-- Dumping data for table `act_ge_bytearray`
--

LOCK TABLES `act_ge_bytearray` WRITE;
/*!40000 ALTER TABLE `act_ge_bytearray` DISABLE KEYS */;
/*!40000 ALTER TABLE `act_ge_bytearray` ENABLE KEYS */;
UNLOCK TABLES;

--
-- Table structure for table `act_ge_property`
--

DROP TABLE IF EXISTS `act_ge_property`;
/*!40101 SET @saved_cs_client     = @@character_set_client */;
/*!50503 SET character_set_client = utf8mb4 */;
CREATE TABLE `act_ge_property` (
  `NAME_` varchar(64) COLLATE utf8mb3_bin NOT NULL,
  `VALUE_` varchar(300) COLLATE utf8mb3_bin DEFAULT NULL,
  `REV_` int DEFAULT NULL,
  PRIMARY KEY (`NAME_`)
) ENGINE=InnoDB DEFAULT CHARSET=utf8mb3 COLLATE=utf8mb3_bin;
/*!40101 SET character_set_client = @saved_cs_client */;

--
-- Dumping data for table `act_ge_property`
--

LOCK TABLES `act_ge_property` WRITE;
/*!40000 ALTER TABLE `act_ge_property` DISABLE KEYS */;
INSERT INTO `act_ge_property` VALUES ('batch.schema.version','6.8.0.0',1),('cfg.execution-related-entities-count','true',1),('cfg.task-related-entities-count','true',1),('common.schema.version','6.8.0.0',1),('entitylink.schema.version','6.8.0.0',1),('eventsubscription.schema.version','6.8.0.0',1),('identitylink.schema.version','6.8.0.0',1),('job.schema.version','6.8.0.0',1),('next.dbid','1',1),('schema.history','create(6.8.0.0)',1),('schema.version','6.8.0.0',1),('task.schema.version','6.8.0.0',1),('variable.schema.version','6.8.0.0',1);
/*!40000 ALTER TABLE `act_ge_property` ENABLE KEYS */;
UNLOCK TABLES;

--
-- Table structure for table `act_hi_actinst`
--

DROP TABLE IF EXISTS `act_hi_actinst`;
/*!40101 SET @saved_cs_client     = @@character_set_client */;
/*!50503 SET character_set_client = utf8mb4 */;
CREATE TABLE `act_hi_actinst` (
  `ID_` varchar(64) COLLATE utf8mb3_bin NOT NULL,
  `REV_` int DEFAULT '1',
  `PROC_DEF_ID_` varchar(64) COLLATE utf8mb3_bin NOT NULL,
  `PROC_INST_ID_` varchar(64) COLLATE utf8mb3_bin NOT NULL,
  `EXECUTION_ID_` varchar(64) COLLATE utf8mb3_bin NOT NULL,
  `ACT_ID_` varchar(255) COLLATE utf8mb3_bin NOT NULL,
  `TASK_ID_` varchar(64) COLLATE utf8mb3_bin DEFAULT NULL,
  `CALL_PROC_INST_ID_` varchar(64) COLLATE utf8mb3_bin DEFAULT NULL,
  `ACT_NAME_` varchar(255) COLLATE utf8mb3_bin DEFAULT NULL,
  `ACT_TYPE_` varchar(255) COLLATE utf8mb3_bin NOT NULL,
  `ASSIGNEE_` varchar(255) COLLATE utf8mb3_bin DEFAULT NULL,
  `START_TIME_` datetime(3) NOT NULL,
  `END_TIME_` datetime(3) DEFAULT NULL,
  `TRANSACTION_ORDER_` int DEFAULT NULL,
  `DURATION_` bigint DEFAULT NULL,
  `DELETE_REASON_` varchar(4000) COLLATE utf8mb3_bin DEFAULT NULL,
  `TENANT_ID_` varchar(255) COLLATE utf8mb3_bin DEFAULT '',
  PRIMARY KEY (`ID_`),
  KEY `ACT_IDX_HI_ACT_INST_START` (`START_TIME_`),
  KEY `ACT_IDX_HI_ACT_INST_END` (`END_TIME_`),
  KEY `ACT_IDX_HI_ACT_INST_PROCINST` (`PROC_INST_ID_`,`ACT_ID_`),
  KEY `ACT_IDX_HI_ACT_INST_EXEC` (`EXECUTION_ID_`,`ACT_ID_`)
) ENGINE=InnoDB DEFAULT CHARSET=utf8mb3 COLLATE=utf8mb3_bin;
/*!40101 SET character_set_client = @saved_cs_client */;

--
-- Dumping data for table `act_hi_actinst`
--

LOCK TABLES `act_hi_actinst` WRITE;
/*!40000 ALTER TABLE `act_hi_actinst` DISABLE KEYS */;
/*!40000 ALTER TABLE `act_hi_actinst` ENABLE KEYS */;
UNLOCK TABLES;

--
-- Table structure for table `act_hi_attachment`
--

DROP TABLE IF EXISTS `act_hi_attachment`;
/*!40101 SET @saved_cs_client     = @@character_set_client */;
/*!50503 SET character_set_client = utf8mb4 */;
CREATE TABLE `act_hi_attachment` (
  `ID_` varchar(64) COLLATE utf8mb3_bin NOT NULL,
  `REV_` int DEFAULT NULL,
  `USER_ID_` varchar(255) COLLATE utf8mb3_bin DEFAULT NULL,
  `NAME_` varchar(255) COLLATE utf8mb3_bin DEFAULT NULL,
  `DESCRIPTION_` varchar(4000) COLLATE utf8mb3_bin DEFAULT NULL,
  `TYPE_` varchar(255) COLLATE utf8mb3_bin DEFAULT NULL,
  `TASK_ID_` varchar(64) COLLATE utf8mb3_bin DEFAULT NULL,
  `PROC_INST_ID_` varchar(64) COLLATE utf8mb3_bin DEFAULT NULL,
  `URL_` varchar(4000) COLLATE utf8mb3_bin DEFAULT NULL,
  `CONTENT_ID_` varchar(64) COLLATE utf8mb3_bin DEFAULT NULL,
  `TIME_` datetime(3) DEFAULT NULL,
  PRIMARY KEY (`ID_`)
) ENGINE=InnoDB DEFAULT CHARSET=utf8mb3 COLLATE=utf8mb3_bin;
/*!40101 SET character_set_client = @saved_cs_client */;

--
-- Dumping data for table `act_hi_attachment`
--

LOCK TABLES `act_hi_attachment` WRITE;
/*!40000 ALTER TABLE `act_hi_attachment` DISABLE KEYS */;
/*!40000 ALTER TABLE `act_hi_attachment` ENABLE KEYS */;
UNLOCK TABLES;

--
-- Table structure for table `act_hi_comment`
--

DROP TABLE IF EXISTS `act_hi_comment`;
/*!40101 SET @saved_cs_client     = @@character_set_client */;
/*!50503 SET character_set_client = utf8mb4 */;
CREATE TABLE `act_hi_comment` (
  `ID_` varchar(64) COLLATE utf8mb3_bin NOT NULL,
  `TYPE_` varchar(255) COLLATE utf8mb3_bin DEFAULT NULL,
  `TIME_` datetime(3) NOT NULL,
  `USER_ID_` varchar(255) COLLATE utf8mb3_bin DEFAULT NULL,
  `TASK_ID_` varchar(64) COLLATE utf8mb3_bin DEFAULT NULL,
  `PROC_INST_ID_` varchar(64) COLLATE utf8mb3_bin DEFAULT NULL,
  `ACTION_` varchar(255) COLLATE utf8mb3_bin DEFAULT NULL,
  `MESSAGE_` varchar(4000) COLLATE utf8mb3_bin DEFAULT NULL,
  `FULL_MSG_` longblob,
  PRIMARY KEY (`ID_`)
) ENGINE=InnoDB DEFAULT CHARSET=utf8mb3 COLLATE=utf8mb3_bin;
/*!40101 SET character_set_client = @saved_cs_client */;

--
-- Dumping data for table `act_hi_comment`
--

LOCK TABLES `act_hi_comment` WRITE;
/*!40000 ALTER TABLE `act_hi_comment` DISABLE KEYS */;
/*!40000 ALTER TABLE `act_hi_comment` ENABLE KEYS */;
UNLOCK TABLES;

--
-- Table structure for table `act_hi_detail`
--

DROP TABLE IF EXISTS `act_hi_detail`;
/*!40101 SET @saved_cs_client     = @@character_set_client */;
/*!50503 SET character_set_client = utf8mb4 */;
CREATE TABLE `act_hi_detail` (
  `ID_` varchar(64) COLLATE utf8mb3_bin NOT NULL,
  `TYPE_` varchar(255) COLLATE utf8mb3_bin NOT NULL,
  `PROC_INST_ID_` varchar(64) COLLATE utf8mb3_bin DEFAULT NULL,
  `EXECUTION_ID_` varchar(64) COLLATE utf8mb3_bin DEFAULT NULL,
  `TASK_ID_` varchar(64) COLLATE utf8mb3_bin DEFAULT NULL,
  `ACT_INST_ID_` varchar(64) COLLATE utf8mb3_bin DEFAULT NULL,
  `NAME_` varchar(255) COLLATE utf8mb3_bin NOT NULL,
  `VAR_TYPE_` varchar(255) COLLATE utf8mb3_bin DEFAULT NULL,
  `REV_` int DEFAULT NULL,
  `TIME_` datetime(3) NOT NULL,
  `BYTEARRAY_ID_` varchar(64) COLLATE utf8mb3_bin DEFAULT NULL,
  `DOUBLE_` double DEFAULT NULL,
  `LONG_` bigint DEFAULT NULL,
  `TEXT_` varchar(4000) COLLATE utf8mb3_bin DEFAULT NULL,
  `TEXT2_` varchar(4000) COLLATE utf8mb3_bin DEFAULT NULL,
  PRIMARY KEY (`ID_`),
  KEY `ACT_IDX_HI_DETAIL_PROC_INST` (`PROC_INST_ID_`),
  KEY `ACT_IDX_HI_DETAIL_ACT_INST` (`ACT_INST_ID_`),
  KEY `ACT_IDX_HI_DETAIL_TIME` (`TIME_`),
  KEY `ACT_IDX_HI_DETAIL_NAME` (`NAME_`),
  KEY `ACT_IDX_HI_DETAIL_TASK_ID` (`TASK_ID_`)
) ENGINE=InnoDB DEFAULT CHARSET=utf8mb3 COLLATE=utf8mb3_bin;
/*!40101 SET character_set_client = @saved_cs_client */;

--
-- Dumping data for table `act_hi_detail`
--

LOCK TABLES `act_hi_detail` WRITE;
/*!40000 ALTER TABLE `act_hi_detail` DISABLE KEYS */;
/*!40000 ALTER TABLE `act_hi_detail` ENABLE KEYS */;
UNLOCK TABLES;

--
-- Table structure for table `act_hi_entitylink`
--

DROP TABLE IF EXISTS `act_hi_entitylink`;
/*!40101 SET @saved_cs_client     = @@character_set_client */;
/*!50503 SET character_set_client = utf8mb4 */;
CREATE TABLE `act_hi_entitylink` (
  `ID_` varchar(64) COLLATE utf8mb3_bin NOT NULL,
  `LINK_TYPE_` varchar(255) COLLATE utf8mb3_bin DEFAULT NULL,
  `CREATE_TIME_` datetime(3) DEFAULT NULL,
  `SCOPE_ID_` varchar(255) COLLATE utf8mb3_bin DEFAULT NULL,
  `SUB_SCOPE_ID_` varchar(255) COLLATE utf8mb3_bin DEFAULT NULL,
  `SCOPE_TYPE_` varchar(255) COLLATE utf8mb3_bin DEFAULT NULL,
  `SCOPE_DEFINITION_ID_` varchar(255) COLLATE utf8mb3_bin DEFAULT NULL,
  `PARENT_ELEMENT_ID_` varchar(255) COLLATE utf8mb3_bin DEFAULT NULL,
  `REF_SCOPE_ID_` varchar(255) COLLATE utf8mb3_bin DEFAULT NULL,
  `REF_SCOPE_TYPE_` varchar(255) COLLATE utf8mb3_bin DEFAULT NULL,
  `REF_SCOPE_DEFINITION_ID_` varchar(255) COLLATE utf8mb3_bin DEFAULT NULL,
  `ROOT_SCOPE_ID_` varchar(255) COLLATE utf8mb3_bin DEFAULT NULL,
  `ROOT_SCOPE_TYPE_` varchar(255) COLLATE utf8mb3_bin DEFAULT NULL,
  `HIERARCHY_TYPE_` varchar(255) COLLATE utf8mb3_bin DEFAULT NULL,
  PRIMARY KEY (`ID_`),
  KEY `ACT_IDX_HI_ENT_LNK_SCOPE` (`SCOPE_ID_`,`SCOPE_TYPE_`,`LINK_TYPE_`),
  KEY `ACT_IDX_HI_ENT_LNK_REF_SCOPE` (`REF_SCOPE_ID_`,`REF_SCOPE_TYPE_`,`LINK_TYPE_`),
  KEY `ACT_IDX_HI_ENT_LNK_ROOT_SCOPE` (`ROOT_SCOPE_ID_`,`ROOT_SCOPE_TYPE_`,`LINK_TYPE_`),
  KEY `ACT_IDX_HI_ENT_LNK_SCOPE_DEF` (`SCOPE_DEFINITION_ID_`,`SCOPE_TYPE_`,`LINK_TYPE_`)
) ENGINE=InnoDB DEFAULT CHARSET=utf8mb3 COLLATE=utf8mb3_bin;
/*!40101 SET character_set_client = @saved_cs_client */;

--
-- Dumping data for table `act_hi_entitylink`
--

LOCK TABLES `act_hi_entitylink` WRITE;
/*!40000 ALTER TABLE `act_hi_entitylink` DISABLE KEYS */;
/*!40000 ALTER TABLE `act_hi_entitylink` ENABLE KEYS */;
UNLOCK TABLES;

--
-- Table structure for table `act_hi_identitylink`
--

DROP TABLE IF EXISTS `act_hi_identitylink`;
/*!40101 SET @saved_cs_client     = @@character_set_client */;
/*!50503 SET character_set_client = utf8mb4 */;
CREATE TABLE `act_hi_identitylink` (
  `ID_` varchar(64) COLLATE utf8mb3_bin NOT NULL,
  `GROUP_ID_` varchar(255) COLLATE utf8mb3_bin DEFAULT NULL,
  `TYPE_` varchar(255) COLLATE utf8mb3_bin DEFAULT NULL,
  `USER_ID_` varchar(255) COLLATE utf8mb3_bin DEFAULT NULL,
  `TASK_ID_` varchar(64) COLLATE utf8mb3_bin DEFAULT NULL,
  `CREATE_TIME_` datetime(3) DEFAULT NULL,
  `PROC_INST_ID_` varchar(64) COLLATE utf8mb3_bin DEFAULT NULL,
  `SCOPE_ID_` varchar(255) COLLATE utf8mb3_bin DEFAULT NULL,
  `SUB_SCOPE_ID_` varchar(255) COLLATE utf8mb3_bin DEFAULT NULL,
  `SCOPE_TYPE_` varchar(255) COLLATE utf8mb3_bin DEFAULT NULL,
  `SCOPE_DEFINITION_ID_` varchar(255) COLLATE utf8mb3_bin DEFAULT NULL,
  PRIMARY KEY (`ID_`),
  KEY `ACT_IDX_HI_IDENT_LNK_USER` (`USER_ID_`),
  KEY `ACT_IDX_HI_IDENT_LNK_SCOPE` (`SCOPE_ID_`,`SCOPE_TYPE_`),
  KEY `ACT_IDX_HI_IDENT_LNK_SUB_SCOPE` (`SUB_SCOPE_ID_`,`SCOPE_TYPE_`),
  KEY `ACT_IDX_HI_IDENT_LNK_SCOPE_DEF` (`SCOPE_DEFINITION_ID_`,`SCOPE_TYPE_`),
  KEY `ACT_IDX_HI_IDENT_LNK_TASK` (`TASK_ID_`),
  KEY `ACT_IDX_HI_IDENT_LNK_PROCINST` (`PROC_INST_ID_`)
) ENGINE=InnoDB DEFAULT CHARSET=utf8mb3 COLLATE=utf8mb3_bin;
/*!40101 SET character_set_client = @saved_cs_client */;

--
-- Dumping data for table `act_hi_identitylink`
--

LOCK TABLES `act_hi_identitylink` WRITE;
/*!40000 ALTER TABLE `act_hi_identitylink` DISABLE KEYS */;
/*!40000 ALTER TABLE `act_hi_identitylink` ENABLE KEYS */;
UNLOCK TABLES;

--
-- Table structure for table `act_hi_procinst`
--

DROP TABLE IF EXISTS `act_hi_procinst`;
/*!40101 SET @saved_cs_client     = @@character_set_client */;
/*!50503 SET character_set_client = utf8mb4 */;
CREATE TABLE `act_hi_procinst` (
  `ID_` varchar(64) COLLATE utf8mb3_bin NOT NULL,
  `REV_` int DEFAULT '1',
  `PROC_INST_ID_` varchar(64) COLLATE utf8mb3_bin NOT NULL,
  `BUSINESS_KEY_` varchar(255) COLLATE utf8mb3_bin DEFAULT NULL,
  `PROC_DEF_ID_` varchar(64) COLLATE utf8mb3_bin NOT NULL,
  `START_TIME_` datetime(3) NOT NULL,
  `END_TIME_` datetime(3) DEFAULT NULL,
  `DURATION_` bigint DEFAULT NULL,
  `START_USER_ID_` varchar(255) COLLATE utf8mb3_bin DEFAULT NULL,
  `START_ACT_ID_` varchar(255) COLLATE utf8mb3_bin DEFAULT NULL,
  `END_ACT_ID_` varchar(255) COLLATE utf8mb3_bin DEFAULT NULL,
  `SUPER_PROCESS_INSTANCE_ID_` varchar(64) COLLATE utf8mb3_bin DEFAULT NULL,
  `DELETE_REASON_` varchar(4000) COLLATE utf8mb3_bin DEFAULT NULL,
  `TENANT_ID_` varchar(255) COLLATE utf8mb3_bin DEFAULT '',
  `NAME_` varchar(255) COLLATE utf8mb3_bin DEFAULT NULL,
  `CALLBACK_ID_` varchar(255) COLLATE utf8mb3_bin DEFAULT NULL,
  `CALLBACK_TYPE_` varchar(255) COLLATE utf8mb3_bin DEFAULT NULL,
  `REFERENCE_ID_` varchar(255) COLLATE utf8mb3_bin DEFAULT NULL,
  `REFERENCE_TYPE_` varchar(255) COLLATE utf8mb3_bin DEFAULT NULL,
  `PROPAGATED_STAGE_INST_ID_` varchar(255) COLLATE utf8mb3_bin DEFAULT NULL,
  `BUSINESS_STATUS_` varchar(255) COLLATE utf8mb3_bin DEFAULT NULL,
  PRIMARY KEY (`ID_`),
  UNIQUE KEY `PROC_INST_ID_` (`PROC_INST_ID_`),
  KEY `ACT_IDX_HI_PRO_INST_END` (`END_TIME_`),
  KEY `ACT_IDX_HI_PRO_I_BUSKEY` (`BUSINESS_KEY_`),
  KEY `ACT_IDX_HI_PRO_SUPER_PROCINST` (`SUPER_PROCESS_INSTANCE_ID_`)
) ENGINE=InnoDB DEFAULT CHARSET=utf8mb3 COLLATE=utf8mb3_bin;
/*!40101 SET character_set_client = @saved_cs_client */;

--
-- Dumping data for table `act_hi_procinst`
--

LOCK TABLES `act_hi_procinst` WRITE;
/*!40000 ALTER TABLE `act_hi_procinst` DISABLE KEYS */;
/*!40000 ALTER TABLE `act_hi_procinst` ENABLE KEYS */;
UNLOCK TABLES;

--
-- Table structure for table `act_hi_taskinst`
--

DROP TABLE IF EXISTS `act_hi_taskinst`;
/*!40101 SET @saved_cs_client     = @@character_set_client */;
/*!50503 SET character_set_client = utf8mb4 */;
CREATE TABLE `act_hi_taskinst` (
  `ID_` varchar(64) COLLATE utf8mb3_bin NOT NULL,
  `REV_` int DEFAULT '1',
  `PROC_DEF_ID_` varchar(64) COLLATE utf8mb3_bin DEFAULT NULL,
  `TASK_DEF_ID_` varchar(64) COLLATE utf8mb3_bin DEFAULT NULL,
  `TASK_DEF_KEY_` varchar(255) COLLATE utf8mb3_bin DEFAULT NULL,
  `PROC_INST_ID_` varchar(64) COLLATE utf8mb3_bin DEFAULT NULL,
  `EXECUTION_ID_` varchar(64) COLLATE utf8mb3_bin DEFAULT NULL,
  `SCOPE_ID_` varchar(255) COLLATE utf8mb3_bin DEFAULT NULL,
  `SUB_SCOPE_ID_` varchar(255) COLLATE utf8mb3_bin DEFAULT NULL,
  `SCOPE_TYPE_` varchar(255) COLLATE utf8mb3_bin DEFAULT NULL,
  `SCOPE_DEFINITION_ID_` varchar(255) COLLATE utf8mb3_bin DEFAULT NULL,
  `PROPAGATED_STAGE_INST_ID_` varchar(255) COLLATE utf8mb3_bin DEFAULT NULL,
  `NAME_` varchar(255) COLLATE utf8mb3_bin DEFAULT NULL,
  `PARENT_TASK_ID_` varchar(64) COLLATE utf8mb3_bin DEFAULT NULL,
  `DESCRIPTION_` varchar(4000) COLLATE utf8mb3_bin DEFAULT NULL,
  `OWNER_` varchar(255) COLLATE utf8mb3_bin DEFAULT NULL,
  `ASSIGNEE_` varchar(255) COLLATE utf8mb3_bin DEFAULT NULL,
  `START_TIME_` datetime(3) NOT NULL,
  `CLAIM_TIME_` datetime(3) DEFAULT NULL,
  `END_TIME_` datetime(3) DEFAULT NULL,
  `DURATION_` bigint DEFAULT NULL,
  `DELETE_REASON_` varchar(4000) COLLATE utf8mb3_bin DEFAULT NULL,
  `PRIORITY_` int DEFAULT NULL,
  `DUE_DATE_` datetime(3) DEFAULT NULL,
  `FORM_KEY_` varchar(255) COLLATE utf8mb3_bin DEFAULT NULL,
  `CATEGORY_` varchar(255) COLLATE utf8mb3_bin DEFAULT NULL,
  `TENANT_ID_` varchar(255) COLLATE utf8mb3_bin DEFAULT '',
  `LAST_UPDATED_TIME_` datetime(3) DEFAULT NULL,
  PRIMARY KEY (`ID_`),
  KEY `ACT_IDX_HI_TASK_SCOPE` (`SCOPE_ID_`,`SCOPE_TYPE_`),
  KEY `ACT_IDX_HI_TASK_SUB_SCOPE` (`SUB_SCOPE_ID_`,`SCOPE_TYPE_`),
  KEY `ACT_IDX_HI_TASK_SCOPE_DEF` (`SCOPE_DEFINITION_ID_`,`SCOPE_TYPE_`),
  KEY `ACT_IDX_HI_TASK_INST_PROCINST` (`PROC_INST_ID_`)
) ENGINE=InnoDB DEFAULT CHARSET=utf8mb3 COLLATE=utf8mb3_bin;
/*!40101 SET character_set_client = @saved_cs_client */;

--
-- Dumping data for table `act_hi_taskinst`
--

LOCK TABLES `act_hi_taskinst` WRITE;
/*!40000 ALTER TABLE `act_hi_taskinst` DISABLE KEYS */;
/*!40000 ALTER TABLE `act_hi_taskinst` ENABLE KEYS */;
UNLOCK TABLES;

--
-- Table structure for table `act_hi_tsk_log`
--

DROP TABLE IF EXISTS `act_hi_tsk_log`;
/*!40101 SET @saved_cs_client     = @@character_set_client */;
/*!50503 SET character_set_client = utf8mb4 */;
CREATE TABLE `act_hi_tsk_log` (
  `ID_` bigint NOT NULL AUTO_INCREMENT,
  `TYPE_` varchar(64) COLLATE utf8mb3_bin DEFAULT NULL,
  `TASK_ID_` varchar(64) COLLATE utf8mb3_bin NOT NULL,
  `TIME_STAMP_` timestamp(3) NOT NULL,
  `USER_ID_` varchar(255) COLLATE utf8mb3_bin DEFAULT NULL,
  `DATA_` varchar(4000) COLLATE utf8mb3_bin DEFAULT NULL,
  `EXECUTION_ID_` varchar(64) COLLATE utf8mb3_bin DEFAULT NULL,
  `PROC_INST_ID_` varchar(64) COLLATE utf8mb3_bin DEFAULT NULL,
  `PROC_DEF_ID_` varchar(64) COLLATE utf8mb3_bin DEFAULT NULL,
  `SCOPE_ID_` varchar(255) COLLATE utf8mb3_bin DEFAULT NULL,
  `SCOPE_DEFINITION_ID_` varchar(255) COLLATE utf8mb3_bin DEFAULT NULL,
  `SUB_SCOPE_ID_` varchar(255) COLLATE utf8mb3_bin DEFAULT NULL,
  `SCOPE_TYPE_` varchar(255) COLLATE utf8mb3_bin DEFAULT NULL,
  `TENANT_ID_` varchar(255) COLLATE utf8mb3_bin DEFAULT '',
  PRIMARY KEY (`ID_`)
) ENGINE=InnoDB DEFAULT CHARSET=utf8mb3 COLLATE=utf8mb3_bin;
/*!40101 SET character_set_client = @saved_cs_client */;

--
-- Dumping data for table `act_hi_tsk_log`
--

LOCK TABLES `act_hi_tsk_log` WRITE;
/*!40000 ALTER TABLE `act_hi_tsk_log` DISABLE KEYS */;
/*!40000 ALTER TABLE `act_hi_tsk_log` ENABLE KEYS */;
UNLOCK TABLES;

--
-- Table structure for table `act_hi_varinst`
--

DROP TABLE IF EXISTS `act_hi_varinst`;
/*!40101 SET @saved_cs_client     = @@character_set_client */;
/*!50503 SET character_set_client = utf8mb4 */;
CREATE TABLE `act_hi_varinst` (
  `ID_` varchar(64) COLLATE utf8mb3_bin NOT NULL,
  `REV_` int DEFAULT '1',
  `PROC_INST_ID_` varchar(64) COLLATE utf8mb3_bin DEFAULT NULL,
  `EXECUTION_ID_` varchar(64) COLLATE utf8mb3_bin DEFAULT NULL,
  `TASK_ID_` varchar(64) COLLATE utf8mb3_bin DEFAULT NULL,
  `NAME_` varchar(255) COLLATE utf8mb3_bin NOT NULL,
  `VAR_TYPE_` varchar(100) COLLATE utf8mb3_bin DEFAULT NULL,
  `SCOPE_ID_` varchar(255) COLLATE utf8mb3_bin DEFAULT NULL,
  `SUB_SCOPE_ID_` varchar(255) COLLATE utf8mb3_bin DEFAULT NULL,
  `SCOPE_TYPE_` varchar(255) COLLATE utf8mb3_bin DEFAULT NULL,
  `BYTEARRAY_ID_` varchar(64) COLLATE utf8mb3_bin DEFAULT NULL,
  `DOUBLE_` double DEFAULT NULL,
  `LONG_` bigint DEFAULT NULL,
  `TEXT_` varchar(4000) COLLATE utf8mb3_bin DEFAULT NULL,
  `TEXT2_` varchar(4000) COLLATE utf8mb3_bin DEFAULT NULL,
  `CREATE_TIME_` datetime(3) DEFAULT NULL,
  `LAST_UPDATED_TIME_` datetime(3) DEFAULT NULL,
  PRIMARY KEY (`ID_`),
  KEY `ACT_IDX_HI_PROCVAR_NAME_TYPE` (`NAME_`,`VAR_TYPE_`),
  KEY `ACT_IDX_HI_VAR_SCOPE_ID_TYPE` (`SCOPE_ID_`,`SCOPE_TYPE_`),
  KEY `ACT_IDX_HI_VAR_SUB_ID_TYPE` (`SUB_SCOPE_ID_`,`SCOPE_TYPE_`),
  KEY `ACT_IDX_HI_PROCVAR_PROC_INST` (`PROC_INST_ID_`),
  KEY `ACT_IDX_HI_PROCVAR_TASK_ID` (`TASK_ID_`),
  KEY `ACT_IDX_HI_PROCVAR_EXE` (`EXECUTION_ID_`)
) ENGINE=InnoDB DEFAULT CHARSET=utf8mb3 COLLATE=utf8mb3_bin;
/*!40101 SET character_set_client = @saved_cs_client */;

--
-- Dumping data for table `act_hi_varinst`
--

LOCK TABLES `act_hi_varinst` WRITE;
/*!40000 ALTER TABLE `act_hi_varinst` DISABLE KEYS */;
/*!40000 ALTER TABLE `act_hi_varinst` ENABLE KEYS */;
UNLOCK TABLES;

--
-- Table structure for table `act_id_bytearray`
--

DROP TABLE IF EXISTS `act_id_bytearray`;
/*!40101 SET @saved_cs_client     = @@character_set_client */;
/*!50503 SET character_set_client = utf8mb4 */;
CREATE TABLE `act_id_bytearray` (
  `ID_` varchar(64) COLLATE utf8mb3_bin NOT NULL,
  `REV_` int DEFAULT NULL,
  `NAME_` varchar(255) COLLATE utf8mb3_bin DEFAULT NULL,
  `BYTES_` longblob,
  PRIMARY KEY (`ID_`)
) ENGINE=InnoDB DEFAULT CHARSET=utf8mb3 COLLATE=utf8mb3_bin;
/*!40101 SET character_set_client = @saved_cs_client */;

--
-- Dumping data for table `act_id_bytearray`
--

LOCK TABLES `act_id_bytearray` WRITE;
/*!40000 ALTER TABLE `act_id_bytearray` DISABLE KEYS */;
/*!40000 ALTER TABLE `act_id_bytearray` ENABLE KEYS */;
UNLOCK TABLES;

--
-- Table structure for table `act_id_group`
--

DROP TABLE IF EXISTS `act_id_group`;
/*!40101 SET @saved_cs_client     = @@character_set_client */;
/*!50503 SET character_set_client = utf8mb4 */;
CREATE TABLE `act_id_group` (
  `ID_` varchar(64) COLLATE utf8mb3_bin NOT NULL,
  `REV_` int DEFAULT NULL,
  `NAME_` varchar(255) COLLATE utf8mb3_bin DEFAULT NULL,
  `TYPE_` varchar(255) COLLATE utf8mb3_bin DEFAULT NULL,
  PRIMARY KEY (`ID_`)
) ENGINE=InnoDB DEFAULT CHARSET=utf8mb3 COLLATE=utf8mb3_bin;
/*!40101 SET character_set_client = @saved_cs_client */;

--
-- Dumping data for table `act_id_group`
--

LOCK TABLES `act_id_group` WRITE;
/*!40000 ALTER TABLE `act_id_group` DISABLE KEYS */;
/*!40000 ALTER TABLE `act_id_group` ENABLE KEYS */;
UNLOCK TABLES;

--
-- Table structure for table `act_id_info`
--

DROP TABLE IF EXISTS `act_id_info`;
/*!40101 SET @saved_cs_client     = @@character_set_client */;
/*!50503 SET character_set_client = utf8mb4 */;
CREATE TABLE `act_id_info` (
  `ID_` varchar(64) COLLATE utf8mb3_bin NOT NULL,
  `REV_` int DEFAULT NULL,
  `USER_ID_` varchar(64) COLLATE utf8mb3_bin DEFAULT NULL,
  `TYPE_` varchar(64) COLLATE utf8mb3_bin DEFAULT NULL,
  `KEY_` varchar(255) COLLATE utf8mb3_bin DEFAULT NULL,
  `VALUE_` varchar(255) COLLATE utf8mb3_bin DEFAULT NULL,
  `PASSWORD_` longblob,
  `PARENT_ID_` varchar(255) COLLATE utf8mb3_bin DEFAULT NULL,
  PRIMARY KEY (`ID_`)
) ENGINE=InnoDB DEFAULT CHARSET=utf8mb3 COLLATE=utf8mb3_bin;
/*!40101 SET character_set_client = @saved_cs_client */;

--
-- Dumping data for table `act_id_info`
--

LOCK TABLES `act_id_info` WRITE;
/*!40000 ALTER TABLE `act_id_info` DISABLE KEYS */;
/*!40000 ALTER TABLE `act_id_info` ENABLE KEYS */;
UNLOCK TABLES;

--
-- Table structure for table `act_id_membership`
--

DROP TABLE IF EXISTS `act_id_membership`;
/*!40101 SET @saved_cs_client     = @@character_set_client */;
/*!50503 SET character_set_client = utf8mb4 */;
CREATE TABLE `act_id_membership` (
  `USER_ID_` varchar(64) COLLATE utf8mb3_bin NOT NULL,
  `GROUP_ID_` varchar(64) COLLATE utf8mb3_bin NOT NULL,
  PRIMARY KEY (`USER_ID_`,`GROUP_ID_`),
  KEY `ACT_FK_MEMB_GROUP` (`GROUP_ID_`),
  CONSTRAINT `ACT_FK_MEMB_GROUP` FOREIGN KEY (`GROUP_ID_`) REFERENCES `act_id_group` (`ID_`),
  CONSTRAINT `ACT_FK_MEMB_USER` FOREIGN KEY (`USER_ID_`) REFERENCES `act_id_user` (`ID_`)
) ENGINE=InnoDB DEFAULT CHARSET=utf8mb3 COLLATE=utf8mb3_bin;
/*!40101 SET character_set_client = @saved_cs_client */;

--
-- Dumping data for table `act_id_membership`
--

LOCK TABLES `act_id_membership` WRITE;
/*!40000 ALTER TABLE `act_id_membership` DISABLE KEYS */;
/*!40000 ALTER TABLE `act_id_membership` ENABLE KEYS */;
UNLOCK TABLES;

--
-- Table structure for table `act_id_priv`
--

DROP TABLE IF EXISTS `act_id_priv`;
/*!40101 SET @saved_cs_client     = @@character_set_client */;
/*!50503 SET character_set_client = utf8mb4 */;
CREATE TABLE `act_id_priv` (
  `ID_` varchar(64) COLLATE utf8mb3_bin NOT NULL,
  `NAME_` varchar(255) COLLATE utf8mb3_bin NOT NULL,
  PRIMARY KEY (`ID_`),
  UNIQUE KEY `ACT_UNIQ_PRIV_NAME` (`NAME_`)
) ENGINE=InnoDB DEFAULT CHARSET=utf8mb3 COLLATE=utf8mb3_bin;
/*!40101 SET character_set_client = @saved_cs_client */;

--
-- Dumping data for table `act_id_priv`
--

LOCK TABLES `act_id_priv` WRITE;
/*!40000 ALTER TABLE `act_id_priv` DISABLE KEYS */;
/*!40000 ALTER TABLE `act_id_priv` ENABLE KEYS */;
UNLOCK TABLES;

--
-- Table structure for table `act_id_priv_mapping`
--

DROP TABLE IF EXISTS `act_id_priv_mapping`;
/*!40101 SET @saved_cs_client     = @@character_set_client */;
/*!50503 SET character_set_client = utf8mb4 */;
CREATE TABLE `act_id_priv_mapping` (
  `ID_` varchar(64) COLLATE utf8mb3_bin NOT NULL,
  `PRIV_ID_` varchar(64) COLLATE utf8mb3_bin NOT NULL,
  `USER_ID_` varchar(255) COLLATE utf8mb3_bin DEFAULT NULL,
  `GROUP_ID_` varchar(255) COLLATE utf8mb3_bin DEFAULT NULL,
  PRIMARY KEY (`ID_`),
  KEY `ACT_FK_PRIV_MAPPING` (`PRIV_ID_`),
  KEY `ACT_IDX_PRIV_USER` (`USER_ID_`),
  KEY `ACT_IDX_PRIV_GROUP` (`GROUP_ID_`),
  CONSTRAINT `ACT_FK_PRIV_MAPPING` FOREIGN KEY (`PRIV_ID_`) REFERENCES `act_id_priv` (`ID_`)
) ENGINE=InnoDB DEFAULT CHARSET=utf8mb3 COLLATE=utf8mb3_bin;
/*!40101 SET character_set_client = @saved_cs_client */;

--
-- Dumping data for table `act_id_priv_mapping`
--

LOCK TABLES `act_id_priv_mapping` WRITE;
/*!40000 ALTER TABLE `act_id_priv_mapping` DISABLE KEYS */;
/*!40000 ALTER TABLE `act_id_priv_mapping` ENABLE KEYS */;
UNLOCK TABLES;

--
-- Table structure for table `act_id_property`
--

DROP TABLE IF EXISTS `act_id_property`;
/*!40101 SET @saved_cs_client     = @@character_set_client */;
/*!50503 SET character_set_client = utf8mb4 */;
CREATE TABLE `act_id_property` (
  `NAME_` varchar(64) COLLATE utf8mb3_bin NOT NULL,
  `VALUE_` varchar(300) COLLATE utf8mb3_bin DEFAULT NULL,
  `REV_` int DEFAULT NULL,
  PRIMARY KEY (`NAME_`)
) ENGINE=InnoDB DEFAULT CHARSET=utf8mb3 COLLATE=utf8mb3_bin;
/*!40101 SET character_set_client = @saved_cs_client */;

--
-- Dumping data for table `act_id_property`
--

LOCK TABLES `act_id_property` WRITE;
/*!40000 ALTER TABLE `act_id_property` DISABLE KEYS */;
INSERT INTO `act_id_property` VALUES ('schema.version','6.8.0.0',1);
/*!40000 ALTER TABLE `act_id_property` ENABLE KEYS */;
UNLOCK TABLES;

--
-- Table structure for table `act_id_token`
--

DROP TABLE IF EXISTS `act_id_token`;
/*!40101 SET @saved_cs_client     = @@character_set_client */;
/*!50503 SET character_set_client = utf8mb4 */;
CREATE TABLE `act_id_token` (
  `ID_` varchar(64) COLLATE utf8mb3_bin NOT NULL,
  `REV_` int DEFAULT NULL,
  `TOKEN_VALUE_` varchar(255) COLLATE utf8mb3_bin DEFAULT NULL,
  `TOKEN_DATE_` timestamp(3) NULL DEFAULT NULL,
  `IP_ADDRESS_` varchar(255) COLLATE utf8mb3_bin DEFAULT NULL,
  `USER_AGENT_` varchar(255) COLLATE utf8mb3_bin DEFAULT NULL,
  `USER_ID_` varchar(255) COLLATE utf8mb3_bin DEFAULT NULL,
  `TOKEN_DATA_` varchar(2000) COLLATE utf8mb3_bin DEFAULT NULL,
  PRIMARY KEY (`ID_`)
) ENGINE=InnoDB DEFAULT CHARSET=utf8mb3 COLLATE=utf8mb3_bin;
/*!40101 SET character_set_client = @saved_cs_client */;

--
-- Dumping data for table `act_id_token`
--

LOCK TABLES `act_id_token` WRITE;
/*!40000 ALTER TABLE `act_id_token` DISABLE KEYS */;
/*!40000 ALTER TABLE `act_id_token` ENABLE KEYS */;
UNLOCK TABLES;

--
-- Table structure for table `act_id_user`
--

DROP TABLE IF EXISTS `act_id_user`;
/*!40101 SET @saved_cs_client     = @@character_set_client */;
/*!50503 SET character_set_client = utf8mb4 */;
CREATE TABLE `act_id_user` (
  `ID_` varchar(64) COLLATE utf8mb3_bin NOT NULL,
  `REV_` int DEFAULT NULL,
  `FIRST_` varchar(255) COLLATE utf8mb3_bin DEFAULT NULL,
  `LAST_` varchar(255) COLLATE utf8mb3_bin DEFAULT NULL,
  `DISPLAY_NAME_` varchar(255) COLLATE utf8mb3_bin DEFAULT NULL,
  `EMAIL_` varchar(255) COLLATE utf8mb3_bin DEFAULT NULL,
  `PWD_` varchar(255) COLLATE utf8mb3_bin DEFAULT NULL,
  `PICTURE_ID_` varchar(64) COLLATE utf8mb3_bin DEFAULT NULL,
  `TENANT_ID_` varchar(255) COLLATE utf8mb3_bin DEFAULT '',
  PRIMARY KEY (`ID_`)
) ENGINE=InnoDB DEFAULT CHARSET=utf8mb3 COLLATE=utf8mb3_bin;
/*!40101 SET character_set_client = @saved_cs_client */;

--
-- Dumping data for table `act_id_user`
--

LOCK TABLES `act_id_user` WRITE;
/*!40000 ALTER TABLE `act_id_user` DISABLE KEYS */;
/*!40000 ALTER TABLE `act_id_user` ENABLE KEYS */;
UNLOCK TABLES;

--
-- Table structure for table `act_procdef_info`
--

DROP TABLE IF EXISTS `act_procdef_info`;
/*!40101 SET @saved_cs_client     = @@character_set_client */;
/*!50503 SET character_set_client = utf8mb4 */;
CREATE TABLE `act_procdef_info` (
  `ID_` varchar(64) COLLATE utf8mb3_bin NOT NULL,
  `PROC_DEF_ID_` varchar(64) COLLATE utf8mb3_bin NOT NULL,
  `REV_` int DEFAULT NULL,
  `INFO_JSON_ID_` varchar(64) COLLATE utf8mb3_bin DEFAULT NULL,
  PRIMARY KEY (`ID_`),
  UNIQUE KEY `ACT_UNIQ_INFO_PROCDEF` (`PROC_DEF_ID_`),
  KEY `ACT_IDX_INFO_PROCDEF` (`PROC_DEF_ID_`),
  KEY `ACT_FK_INFO_JSON_BA` (`INFO_JSON_ID_`),
  CONSTRAINT `ACT_FK_INFO_JSON_BA` FOREIGN KEY (`INFO_JSON_ID_`) REFERENCES `act_ge_bytearray` (`ID_`),
  CONSTRAINT `ACT_FK_INFO_PROCDEF` FOREIGN KEY (`PROC_DEF_ID_`) REFERENCES `act_re_procdef` (`ID_`)
) ENGINE=InnoDB DEFAULT CHARSET=utf8mb3 COLLATE=utf8mb3_bin;
/*!40101 SET character_set_client = @saved_cs_client */;

--
-- Dumping data for table `act_procdef_info`
--

LOCK TABLES `act_procdef_info` WRITE;
/*!40000 ALTER TABLE `act_procdef_info` DISABLE KEYS */;
/*!40000 ALTER TABLE `act_procdef_info` ENABLE KEYS */;
UNLOCK TABLES;

--
-- Table structure for table `act_re_deployment`
--

DROP TABLE IF EXISTS `act_re_deployment`;
/*!40101 SET @saved_cs_client     = @@character_set_client */;
/*!50503 SET character_set_client = utf8mb4 */;
CREATE TABLE `act_re_deployment` (
  `ID_` varchar(64) COLLATE utf8mb3_bin NOT NULL,
  `NAME_` varchar(255) COLLATE utf8mb3_bin DEFAULT NULL,
  `CATEGORY_` varchar(255) COLLATE utf8mb3_bin DEFAULT NULL,
  `KEY_` varchar(255) COLLATE utf8mb3_bin DEFAULT NULL,
  `TENANT_ID_` varchar(255) COLLATE utf8mb3_bin DEFAULT '',
  `DEPLOY_TIME_` timestamp(3) NULL DEFAULT NULL,
  `DERIVED_FROM_` varchar(64) COLLATE utf8mb3_bin DEFAULT NULL,
  `DERIVED_FROM_ROOT_` varchar(64) COLLATE utf8mb3_bin DEFAULT NULL,
  `PARENT_DEPLOYMENT_ID_` varchar(255) COLLATE utf8mb3_bin DEFAULT NULL,
  `ENGINE_VERSION_` varchar(255) COLLATE utf8mb3_bin DEFAULT NULL,
  PRIMARY KEY (`ID_`)
) ENGINE=InnoDB DEFAULT CHARSET=utf8mb3 COLLATE=utf8mb3_bin;
/*!40101 SET character_set_client = @saved_cs_client */;

--
-- Dumping data for table `act_re_deployment`
--

LOCK TABLES `act_re_deployment` WRITE;
/*!40000 ALTER TABLE `act_re_deployment` DISABLE KEYS */;
/*!40000 ALTER TABLE `act_re_deployment` ENABLE KEYS */;
UNLOCK TABLES;

--
-- Table structure for table `act_re_model`
--

DROP TABLE IF EXISTS `act_re_model`;
/*!40101 SET @saved_cs_client     = @@character_set_client */;
/*!50503 SET character_set_client = utf8mb4 */;
CREATE TABLE `act_re_model` (
  `ID_` varchar(64) COLLATE utf8mb3_bin NOT NULL,
  `REV_` int DEFAULT NULL,
  `NAME_` varchar(255) COLLATE utf8mb3_bin DEFAULT NULL,
  `KEY_` varchar(255) COLLATE utf8mb3_bin DEFAULT NULL,
  `CATEGORY_` varchar(255) COLLATE utf8mb3_bin DEFAULT NULL,
  `CREATE_TIME_` timestamp(3) NULL DEFAULT NULL,
  `LAST_UPDATE_TIME_` timestamp(3) NULL DEFAULT NULL,
  `VERSION_` int DEFAULT NULL,
  `META_INFO_` varchar(4000) COLLATE utf8mb3_bin DEFAULT NULL,
  `DEPLOYMENT_ID_` varchar(64) COLLATE utf8mb3_bin DEFAULT NULL,
  `EDITOR_SOURCE_VALUE_ID_` varchar(64) COLLATE utf8mb3_bin DEFAULT NULL,
  `EDITOR_SOURCE_EXTRA_VALUE_ID_` varchar(64) COLLATE utf8mb3_bin DEFAULT NULL,
  `TENANT_ID_` varchar(255) COLLATE utf8mb3_bin DEFAULT '',
  PRIMARY KEY (`ID_`),
  KEY `ACT_FK_MODEL_SOURCE` (`EDITOR_SOURCE_VALUE_ID_`),
  KEY `ACT_FK_MODEL_SOURCE_EXTRA` (`EDITOR_SOURCE_EXTRA_VALUE_ID_`),
  KEY `ACT_FK_MODEL_DEPLOYMENT` (`DEPLOYMENT_ID_`),
  CONSTRAINT `ACT_FK_MODEL_DEPLOYMENT` FOREIGN KEY (`DEPLOYMENT_ID_`) REFERENCES `act_re_deployment` (`ID_`),
  CONSTRAINT `ACT_FK_MODEL_SOURCE` FOREIGN KEY (`EDITOR_SOURCE_VALUE_ID_`) REFERENCES `act_ge_bytearray` (`ID_`),
  CONSTRAINT `ACT_FK_MODEL_SOURCE_EXTRA` FOREIGN KEY (`EDITOR_SOURCE_EXTRA_VALUE_ID_`) REFERENCES `act_ge_bytearray` (`ID_`)
) ENGINE=InnoDB DEFAULT CHARSET=utf8mb3 COLLATE=utf8mb3_bin;
/*!40101 SET character_set_client = @saved_cs_client */;

--
-- Dumping data for table `act_re_model`
--

LOCK TABLES `act_re_model` WRITE;
/*!40000 ALTER TABLE `act_re_model` DISABLE KEYS */;
/*!40000 ALTER TABLE `act_re_model` ENABLE KEYS */;
UNLOCK TABLES;

--
-- Table structure for table `act_re_procdef`
--

DROP TABLE IF EXISTS `act_re_procdef`;
/*!40101 SET @saved_cs_client     = @@character_set_client */;
/*!50503 SET character_set_client = utf8mb4 */;
CREATE TABLE `act_re_procdef` (
  `ID_` varchar(64) COLLATE utf8mb3_bin NOT NULL,
  `REV_` int DEFAULT NULL,
  `CATEGORY_` varchar(255) COLLATE utf8mb3_bin DEFAULT NULL,
  `NAME_` varchar(255) COLLATE utf8mb3_bin DEFAULT NULL,
  `KEY_` varchar(255) COLLATE utf8mb3_bin NOT NULL,
  `VERSION_` int NOT NULL,
  `DEPLOYMENT_ID_` varchar(64) COLLATE utf8mb3_bin DEFAULT NULL,
  `RESOURCE_NAME_` varchar(4000) COLLATE utf8mb3_bin DEFAULT NULL,
  `DGRM_RESOURCE_NAME_` varchar(4000) COLLATE utf8mb3_bin DEFAULT NULL,
  `DESCRIPTION_` varchar(4000) COLLATE utf8mb3_bin DEFAULT NULL,
  `HAS_START_FORM_KEY_` tinyint DEFAULT NULL,
  `HAS_GRAPHICAL_NOTATION_` tinyint DEFAULT NULL,
  `SUSPENSION_STATE_` int DEFAULT NULL,
  `TENANT_ID_` varchar(255) COLLATE utf8mb3_bin DEFAULT '',
  `ENGINE_VERSION_` varchar(255) COLLATE utf8mb3_bin DEFAULT NULL,
  `DERIVED_FROM_` varchar(64) COLLATE utf8mb3_bin DEFAULT NULL,
  `DERIVED_FROM_ROOT_` varchar(64) COLLATE utf8mb3_bin DEFAULT NULL,
  `DERIVED_VERSION_` int NOT NULL DEFAULT '0',
  PRIMARY KEY (`ID_`),
  UNIQUE KEY `ACT_UNIQ_PROCDEF` (`KEY_`,`VERSION_`,`DERIVED_VERSION_`,`TENANT_ID_`)
) ENGINE=InnoDB DEFAULT CHARSET=utf8mb3 COLLATE=utf8mb3_bin;
/*!40101 SET character_set_client = @saved_cs_client */;

--
-- Dumping data for table `act_re_procdef`
--

LOCK TABLES `act_re_procdef` WRITE;
/*!40000 ALTER TABLE `act_re_procdef` DISABLE KEYS */;
/*!40000 ALTER TABLE `act_re_procdef` ENABLE KEYS */;
UNLOCK TABLES;

--
-- Table structure for table `act_ru_actinst`
--

DROP TABLE IF EXISTS `act_ru_actinst`;
/*!40101 SET @saved_cs_client     = @@character_set_client */;
/*!50503 SET character_set_client = utf8mb4 */;
CREATE TABLE `act_ru_actinst` (
  `ID_` varchar(64) COLLATE utf8mb3_bin NOT NULL,
  `REV_` int DEFAULT '1',
  `PROC_DEF_ID_` varchar(64) COLLATE utf8mb3_bin NOT NULL,
  `PROC_INST_ID_` varchar(64) COLLATE utf8mb3_bin NOT NULL,
  `EXECUTION_ID_` varchar(64) COLLATE utf8mb3_bin NOT NULL,
  `ACT_ID_` varchar(255) COLLATE utf8mb3_bin NOT NULL,
  `TASK_ID_` varchar(64) COLLATE utf8mb3_bin DEFAULT NULL,
  `CALL_PROC_INST_ID_` varchar(64) COLLATE utf8mb3_bin DEFAULT NULL,
  `ACT_NAME_` varchar(255) COLLATE utf8mb3_bin DEFAULT NULL,
  `ACT_TYPE_` varchar(255) COLLATE utf8mb3_bin NOT NULL,
  `ASSIGNEE_` varchar(255) COLLATE utf8mb3_bin DEFAULT NULL,
  `START_TIME_` datetime(3) NOT NULL,
  `END_TIME_` datetime(3) DEFAULT NULL,
  `DURATION_` bigint DEFAULT NULL,
  `TRANSACTION_ORDER_` int DEFAULT NULL,
  `DELETE_REASON_` varchar(4000) COLLATE utf8mb3_bin DEFAULT NULL,
  `TENANT_ID_` varchar(255) COLLATE utf8mb3_bin DEFAULT '',
  PRIMARY KEY (`ID_`),
  KEY `ACT_IDX_RU_ACTI_START` (`START_TIME_`),
  KEY `ACT_IDX_RU_ACTI_END` (`END_TIME_`),
  KEY `ACT_IDX_RU_ACTI_PROC` (`PROC_INST_ID_`),
  KEY `ACT_IDX_RU_ACTI_PROC_ACT` (`PROC_INST_ID_`,`ACT_ID_`),
  KEY `ACT_IDX_RU_ACTI_EXEC` (`EXECUTION_ID_`),
  KEY `ACT_IDX_RU_ACTI_EXEC_ACT` (`EXECUTION_ID_`,`ACT_ID_`),
  KEY `ACT_IDX_RU_ACTI_TASK` (`TASK_ID_`)
) ENGINE=InnoDB DEFAULT CHARSET=utf8mb3 COLLATE=utf8mb3_bin;
/*!40101 SET character_set_client = @saved_cs_client */;

--
-- Dumping data for table `act_ru_actinst`
--

LOCK TABLES `act_ru_actinst` WRITE;
/*!40000 ALTER TABLE `act_ru_actinst` DISABLE KEYS */;
/*!40000 ALTER TABLE `act_ru_actinst` ENABLE KEYS */;
UNLOCK TABLES;

--
-- Table structure for table `act_ru_deadletter_job`
--

DROP TABLE IF EXISTS `act_ru_deadletter_job`;
/*!40101 SET @saved_cs_client     = @@character_set_client */;
/*!50503 SET character_set_client = utf8mb4 */;
CREATE TABLE `act_ru_deadletter_job` (
  `ID_` varchar(64) COLLATE utf8mb3_bin NOT NULL,
  `REV_` int DEFAULT NULL,
  `CATEGORY_` varchar(255) COLLATE utf8mb3_bin DEFAULT NULL,
  `TYPE_` varchar(255) COLLATE utf8mb3_bin NOT NULL,
  `EXCLUSIVE_` tinyint(1) DEFAULT NULL,
  `EXECUTION_ID_` varchar(64) COLLATE utf8mb3_bin DEFAULT NULL,
  `PROCESS_INSTANCE_ID_` varchar(64) COLLATE utf8mb3_bin DEFAULT NULL,
  `PROC_DEF_ID_` varchar(64) COLLATE utf8mb3_bin DEFAULT NULL,
  `ELEMENT_ID_` varchar(255) COLLATE utf8mb3_bin DEFAULT NULL,
  `ELEMENT_NAME_` varchar(255) COLLATE utf8mb3_bin DEFAULT NULL,
  `SCOPE_ID_` varchar(255) COLLATE utf8mb3_bin DEFAULT NULL,
  `SUB_SCOPE_ID_` varchar(255) COLLATE utf8mb3_bin DEFAULT NULL,
  `SCOPE_TYPE_` varchar(255) COLLATE utf8mb3_bin DEFAULT NULL,
  `SCOPE_DEFINITION_ID_` varchar(255) COLLATE utf8mb3_bin DEFAULT NULL,
  `CORRELATION_ID_` varchar(255) COLLATE utf8mb3_bin DEFAULT NULL,
  `EXCEPTION_STACK_ID_` varchar(64) COLLATE utf8mb3_bin DEFAULT NULL,
  `EXCEPTION_MSG_` varchar(4000) COLLATE utf8mb3_bin DEFAULT NULL,
  `DUEDATE_` timestamp(3) NULL DEFAULT NULL,
  `REPEAT_` varchar(255) COLLATE utf8mb3_bin DEFAULT NULL,
  `HANDLER_TYPE_` varchar(255) COLLATE utf8mb3_bin DEFAULT NULL,
  `HANDLER_CFG_` varchar(4000) COLLATE utf8mb3_bin DEFAULT NULL,
  `CUSTOM_VALUES_ID_` varchar(64) COLLATE utf8mb3_bin DEFAULT NULL,
  `CREATE_TIME_` timestamp(3) NULL DEFAULT NULL,
  `TENANT_ID_` varchar(255) COLLATE utf8mb3_bin DEFAULT '',
  PRIMARY KEY (`ID_`),
  KEY `ACT_IDX_DEADLETTER_JOB_EXCEPTION_STACK_ID` (`EXCEPTION_STACK_ID_`),
  KEY `ACT_IDX_DEADLETTER_JOB_CUSTOM_VALUES_ID` (`CUSTOM_VALUES_ID_`),
  KEY `ACT_IDX_DEADLETTER_JOB_CORRELATION_ID` (`CORRELATION_ID_`),
  KEY `ACT_IDX_DJOB_SCOPE` (`SCOPE_ID_`,`SCOPE_TYPE_`),
  KEY `ACT_IDX_DJOB_SUB_SCOPE` (`SUB_SCOPE_ID_`,`SCOPE_TYPE_`),
  KEY `ACT_IDX_DJOB_SCOPE_DEF` (`SCOPE_DEFINITION_ID_`,`SCOPE_TYPE_`),
  KEY `ACT_FK_DEADLETTER_JOB_EXECUTION` (`EXECUTION_ID_`),
  KEY `ACT_FK_DEADLETTER_JOB_PROCESS_INSTANCE` (`PROCESS_INSTANCE_ID_`),
  KEY `ACT_FK_DEADLETTER_JOB_PROC_DEF` (`PROC_DEF_ID_`),
  CONSTRAINT `ACT_FK_DEADLETTER_JOB_CUSTOM_VALUES` FOREIGN KEY (`CUSTOM_VALUES_ID_`) REFERENCES `act_ge_bytearray` (`ID_`),
  CONSTRAINT `ACT_FK_DEADLETTER_JOB_EXCEPTION` FOREIGN KEY (`EXCEPTION_STACK_ID_`) REFERENCES `act_ge_bytearray` (`ID_`),
  CONSTRAINT `ACT_FK_DEADLETTER_JOB_EXECUTION` FOREIGN KEY (`EXECUTION_ID_`) REFERENCES `act_ru_execution` (`ID_`),
  CONSTRAINT `ACT_FK_DEADLETTER_JOB_PROC_DEF` FOREIGN KEY (`PROC_DEF_ID_`) REFERENCES `act_re_procdef` (`ID_`),
  CONSTRAINT `ACT_FK_DEADLETTER_JOB_PROCESS_INSTANCE` FOREIGN KEY (`PROCESS_INSTANCE_ID_`) REFERENCES `act_ru_execution` (`ID_`)
) ENGINE=InnoDB DEFAULT CHARSET=utf8mb3 COLLATE=utf8mb3_bin;
/*!40101 SET character_set_client = @saved_cs_client */;

--
-- Dumping data for table `act_ru_deadletter_job`
--

LOCK TABLES `act_ru_deadletter_job` WRITE;
/*!40000 ALTER TABLE `act_ru_deadletter_job` DISABLE KEYS */;
/*!40000 ALTER TABLE `act_ru_deadletter_job` ENABLE KEYS */;
UNLOCK TABLES;

--
-- Table structure for table `act_ru_entitylink`
--

DROP TABLE IF EXISTS `act_ru_entitylink`;
/*!40101 SET @saved_cs_client     = @@character_set_client */;
/*!50503 SET character_set_client = utf8mb4 */;
CREATE TABLE `act_ru_entitylink` (
  `ID_` varchar(64) COLLATE utf8mb3_bin NOT NULL,
  `REV_` int DEFAULT NULL,
  `CREATE_TIME_` datetime(3) DEFAULT NULL,
  `LINK_TYPE_` varchar(255) COLLATE utf8mb3_bin DEFAULT NULL,
  `SCOPE_ID_` varchar(255) COLLATE utf8mb3_bin DEFAULT NULL,
  `SUB_SCOPE_ID_` varchar(255) COLLATE utf8mb3_bin DEFAULT NULL,
  `SCOPE_TYPE_` varchar(255) COLLATE utf8mb3_bin DEFAULT NULL,
  `SCOPE_DEFINITION_ID_` varchar(255) COLLATE utf8mb3_bin DEFAULT NULL,
  `PARENT_ELEMENT_ID_` varchar(255) COLLATE utf8mb3_bin DEFAULT NULL,
  `REF_SCOPE_ID_` varchar(255) COLLATE utf8mb3_bin DEFAULT NULL,
  `REF_SCOPE_TYPE_` varchar(255) COLLATE utf8mb3_bin DEFAULT NULL,
  `REF_SCOPE_DEFINITION_ID_` varchar(255) COLLATE utf8mb3_bin DEFAULT NULL,
  `ROOT_SCOPE_ID_` varchar(255) COLLATE utf8mb3_bin DEFAULT NULL,
  `ROOT_SCOPE_TYPE_` varchar(255) COLLATE utf8mb3_bin DEFAULT NULL,
  `HIERARCHY_TYPE_` varchar(255) COLLATE utf8mb3_bin DEFAULT NULL,
  PRIMARY KEY (`ID_`),
  KEY `ACT_IDX_ENT_LNK_SCOPE` (`SCOPE_ID_`,`SCOPE_TYPE_`,`LINK_TYPE_`),
  KEY `ACT_IDX_ENT_LNK_REF_SCOPE` (`REF_SCOPE_ID_`,`REF_SCOPE_TYPE_`,`LINK_TYPE_`),
  KEY `ACT_IDX_ENT_LNK_ROOT_SCOPE` (`ROOT_SCOPE_ID_`,`ROOT_SCOPE_TYPE_`,`LINK_TYPE_`),
  KEY `ACT_IDX_ENT_LNK_SCOPE_DEF` (`SCOPE_DEFINITION_ID_`,`SCOPE_TYPE_`,`LINK_TYPE_`)
) ENGINE=InnoDB DEFAULT CHARSET=utf8mb3 COLLATE=utf8mb3_bin;
/*!40101 SET character_set_client = @saved_cs_client */;

--
-- Dumping data for table `act_ru_entitylink`
--

LOCK TABLES `act_ru_entitylink` WRITE;
/*!40000 ALTER TABLE `act_ru_entitylink` DISABLE KEYS */;
/*!40000 ALTER TABLE `act_ru_entitylink` ENABLE KEYS */;
UNLOCK TABLES;

--
-- Table structure for table `act_ru_event_subscr`
--

DROP TABLE IF EXISTS `act_ru_event_subscr`;
/*!40101 SET @saved_cs_client     = @@character_set_client */;
/*!50503 SET character_set_client = utf8mb4 */;
CREATE TABLE `act_ru_event_subscr` (
  `ID_` varchar(64) COLLATE utf8mb3_bin NOT NULL,
  `REV_` int DEFAULT NULL,
  `EVENT_TYPE_` varchar(255) COLLATE utf8mb3_bin NOT NULL,
  `EVENT_NAME_` varchar(255) COLLATE utf8mb3_bin DEFAULT NULL,
  `EXECUTION_ID_` varchar(64) COLLATE utf8mb3_bin DEFAULT NULL,
  `PROC_INST_ID_` varchar(64) COLLATE utf8mb3_bin DEFAULT NULL,
  `ACTIVITY_ID_` varchar(64) COLLATE utf8mb3_bin DEFAULT NULL,
  `CONFIGURATION_` varchar(255) COLLATE utf8mb3_bin DEFAULT NULL,
  `CREATED_` timestamp(3) NOT NULL DEFAULT CURRENT_TIMESTAMP(3),
  `PROC_DEF_ID_` varchar(64) COLLATE utf8mb3_bin DEFAULT NULL,
  `SUB_SCOPE_ID_` varchar(64) COLLATE utf8mb3_bin DEFAULT NULL,
  `SCOPE_ID_` varchar(64) COLLATE utf8mb3_bin DEFAULT NULL,
  `SCOPE_DEFINITION_ID_` varchar(64) COLLATE utf8mb3_bin DEFAULT NULL,
  `SCOPE_TYPE_` varchar(64) COLLATE utf8mb3_bin DEFAULT NULL,
  `LOCK_TIME_` timestamp(3) NULL DEFAULT NULL,
  `LOCK_OWNER_` varchar(255) COLLATE utf8mb3_bin DEFAULT NULL,
  `TENANT_ID_` varchar(255) COLLATE utf8mb3_bin DEFAULT '',
  PRIMARY KEY (`ID_`),
  KEY `ACT_IDX_EVENT_SUBSCR_CONFIG_` (`CONFIGURATION_`),
  KEY `ACT_IDX_EVENT_SUBSCR_SCOPEREF_` (`SCOPE_ID_`,`SCOPE_TYPE_`),
  KEY `ACT_FK_EVENT_EXEC` (`EXECUTION_ID_`),
  CONSTRAINT `ACT_FK_EVENT_EXEC` FOREIGN KEY (`EXECUTION_ID_`) REFERENCES `act_ru_execution` (`ID_`)
) ENGINE=InnoDB DEFAULT CHARSET=utf8mb3 COLLATE=utf8mb3_bin;
/*!40101 SET character_set_client = @saved_cs_client */;

--
-- Dumping data for table `act_ru_event_subscr`
--

LOCK TABLES `act_ru_event_subscr` WRITE;
/*!40000 ALTER TABLE `act_ru_event_subscr` DISABLE KEYS */;
/*!40000 ALTER TABLE `act_ru_event_subscr` ENABLE KEYS */;
UNLOCK TABLES;

--
-- Table structure for table `act_ru_execution`
--

DROP TABLE IF EXISTS `act_ru_execution`;
/*!40101 SET @saved_cs_client     = @@character_set_client */;
/*!50503 SET character_set_client = utf8mb4 */;
CREATE TABLE `act_ru_execution` (
  `ID_` varchar(64) COLLATE utf8mb3_bin NOT NULL,
  `REV_` int DEFAULT NULL,
  `PROC_INST_ID_` varchar(64) COLLATE utf8mb3_bin DEFAULT NULL,
  `BUSINESS_KEY_` varchar(255) COLLATE utf8mb3_bin DEFAULT NULL,
  `PARENT_ID_` varchar(64) COLLATE utf8mb3_bin DEFAULT NULL,
  `PROC_DEF_ID_` varchar(64) COLLATE utf8mb3_bin DEFAULT NULL,
  `SUPER_EXEC_` varchar(64) COLLATE utf8mb3_bin DEFAULT NULL,
  `ROOT_PROC_INST_ID_` varchar(64) COLLATE utf8mb3_bin DEFAULT NULL,
  `ACT_ID_` varchar(255) COLLATE utf8mb3_bin DEFAULT NULL,
  `IS_ACTIVE_` tinyint DEFAULT NULL,
  `IS_CONCURRENT_` tinyint DEFAULT NULL,
  `IS_SCOPE_` tinyint DEFAULT NULL,
  `IS_EVENT_SCOPE_` tinyint DEFAULT NULL,
  `IS_MI_ROOT_` tinyint DEFAULT NULL,
  `SUSPENSION_STATE_` int DEFAULT NULL,
  `CACHED_ENT_STATE_` int DEFAULT NULL,
  `TENANT_ID_` varchar(255) COLLATE utf8mb3_bin DEFAULT '',
  `NAME_` varchar(255) COLLATE utf8mb3_bin DEFAULT NULL,
  `START_ACT_ID_` varchar(255) COLLATE utf8mb3_bin DEFAULT NULL,
  `START_TIME_` datetime(3) DEFAULT NULL,
  `START_USER_ID_` varchar(255) COLLATE utf8mb3_bin DEFAULT NULL,
  `LOCK_TIME_` timestamp(3) NULL DEFAULT NULL,
  `LOCK_OWNER_` varchar(255) COLLATE utf8mb3_bin DEFAULT NULL,
  `IS_COUNT_ENABLED_` tinyint DEFAULT NULL,
  `EVT_SUBSCR_COUNT_` int DEFAULT NULL,
  `TASK_COUNT_` int DEFAULT NULL,
  `JOB_COUNT_` int DEFAULT NULL,
  `TIMER_JOB_COUNT_` int DEFAULT NULL,
  `SUSP_JOB_COUNT_` int DEFAULT NULL,
  `DEADLETTER_JOB_COUNT_` int DEFAULT NULL,
  `EXTERNAL_WORKER_JOB_COUNT_` int DEFAULT NULL,
  `VAR_COUNT_` int DEFAULT NULL,
  `ID_LINK_COUNT_` int DEFAULT NULL,
  `CALLBACK_ID_` varchar(255) COLLATE utf8mb3_bin DEFAULT NULL,
  `CALLBACK_TYPE_` varchar(255) COLLATE utf8mb3_bin DEFAULT NULL,
  `REFERENCE_ID_` varchar(255) COLLATE utf8mb3_bin DEFAULT NULL,
  `REFERENCE_TYPE_` varchar(255) COLLATE utf8mb3_bin DEFAULT NULL,
  `PROPAGATED_STAGE_INST_ID_` varchar(255) COLLATE utf8mb3_bin DEFAULT NULL,
  `BUSINESS_STATUS_` varchar(255) COLLATE utf8mb3_bin DEFAULT NULL,
  PRIMARY KEY (`ID_`),
  KEY `ACT_IDX_EXEC_BUSKEY` (`BUSINESS_KEY_`),
  KEY `ACT_IDC_EXEC_ROOT` (`ROOT_PROC_INST_ID_`),
  KEY `ACT_IDX_EXEC_REF_ID_` (`REFERENCE_ID_`),
  KEY `ACT_FK_EXE_PROCINST` (`PROC_INST_ID_`),
  KEY `ACT_FK_EXE_PARENT` (`PARENT_ID_`),
  KEY `ACT_FK_EXE_SUPER` (`SUPER_EXEC_`),
  KEY `ACT_FK_EXE_PROCDEF` (`PROC_DEF_ID_`),
  CONSTRAINT `ACT_FK_EXE_PARENT` FOREIGN KEY (`PARENT_ID_`) REFERENCES `act_ru_execution` (`ID_`) ON DELETE CASCADE,
  CONSTRAINT `ACT_FK_EXE_PROCDEF` FOREIGN KEY (`PROC_DEF_ID_`) REFERENCES `act_re_procdef` (`ID_`),
  CONSTRAINT `ACT_FK_EXE_PROCINST` FOREIGN KEY (`PROC_INST_ID_`) REFERENCES `act_ru_execution` (`ID_`) ON DELETE CASCADE ON UPDATE CASCADE,
  CONSTRAINT `ACT_FK_EXE_SUPER` FOREIGN KEY (`SUPER_EXEC_`) REFERENCES `act_ru_execution` (`ID_`) ON DELETE CASCADE
) ENGINE=InnoDB DEFAULT CHARSET=utf8mb3 COLLATE=utf8mb3_bin;
/*!40101 SET character_set_client = @saved_cs_client */;

--
-- Dumping data for table `act_ru_execution`
--

LOCK TABLES `act_ru_execution` WRITE;
/*!40000 ALTER TABLE `act_ru_execution` DISABLE KEYS */;
/*!40000 ALTER TABLE `act_ru_execution` ENABLE KEYS */;
UNLOCK TABLES;

--
-- Table structure for table `act_ru_external_job`
--

DROP TABLE IF EXISTS `act_ru_external_job`;
/*!40101 SET @saved_cs_client     = @@character_set_client */;
/*!50503 SET character_set_client = utf8mb4 */;
CREATE TABLE `act_ru_external_job` (
  `ID_` varchar(64) COLLATE utf8mb3_bin NOT NULL,
  `REV_` int DEFAULT NULL,
  `CATEGORY_` varchar(255) COLLATE utf8mb3_bin DEFAULT NULL,
  `TYPE_` varchar(255) COLLATE utf8mb3_bin NOT NULL,
  `LOCK_EXP_TIME_` timestamp(3) NULL DEFAULT NULL,
  `LOCK_OWNER_` varchar(255) COLLATE utf8mb3_bin DEFAULT NULL,
  `EXCLUSIVE_` tinyint(1) DEFAULT NULL,
  `EXECUTION_ID_` varchar(64) COLLATE utf8mb3_bin DEFAULT NULL,
  `PROCESS_INSTANCE_ID_` varchar(64) COLLATE utf8mb3_bin DEFAULT NULL,
  `PROC_DEF_ID_` varchar(64) COLLATE utf8mb3_bin DEFAULT NULL,
  `ELEMENT_ID_` varchar(255) COLLATE utf8mb3_bin DEFAULT NULL,
  `ELEMENT_NAME_` varchar(255) COLLATE utf8mb3_bin DEFAULT NULL,
  `SCOPE_ID_` varchar(255) COLLATE utf8mb3_bin DEFAULT NULL,
  `SUB_SCOPE_ID_` varchar(255) COLLATE utf8mb3_bin DEFAULT NULL,
  `SCOPE_TYPE_` varchar(255) COLLATE utf8mb3_bin DEFAULT NULL,
  `SCOPE_DEFINITION_ID_` varchar(255) COLLATE utf8mb3_bin DEFAULT NULL,
  `CORRELATION_ID_` varchar(255) COLLATE utf8mb3_bin DEFAULT NULL,
  `RETRIES_` int DEFAULT NULL,
  `EXCEPTION_STACK_ID_` varchar(64) COLLATE utf8mb3_bin DEFAULT NULL,
  `EXCEPTION_MSG_` varchar(4000) COLLATE utf8mb3_bin DEFAULT NULL,
  `DUEDATE_` timestamp(3) NULL DEFAULT NULL,
  `REPEAT_` varchar(255) COLLATE utf8mb3_bin DEFAULT NULL,
  `HANDLER_TYPE_` varchar(255) COLLATE utf8mb3_bin DEFAULT NULL,
  `HANDLER_CFG_` varchar(4000) COLLATE utf8mb3_bin DEFAULT NULL,
  `CUSTOM_VALUES_ID_` varchar(64) COLLATE utf8mb3_bin DEFAULT NULL,
  `CREATE_TIME_` timestamp(3) NULL DEFAULT NULL,
  `TENANT_ID_` varchar(255) COLLATE utf8mb3_bin DEFAULT '',
  PRIMARY KEY (`ID_`),
  KEY `ACT_IDX_EXTERNAL_JOB_EXCEPTION_STACK_ID` (`EXCEPTION_STACK_ID_`),
  KEY `ACT_IDX_EXTERNAL_JOB_CUSTOM_VALUES_ID` (`CUSTOM_VALUES_ID_`),
  KEY `ACT_IDX_EXTERNAL_JOB_CORRELATION_ID` (`CORRELATION_ID_`),
  KEY `ACT_IDX_EJOB_SCOPE` (`SCOPE_ID_`,`SCOPE_TYPE_`),
  KEY `ACT_IDX_EJOB_SUB_SCOPE` (`SUB_SCOPE_ID_`,`SCOPE_TYPE_`),
  KEY `ACT_IDX_EJOB_SCOPE_DEF` (`SCOPE_DEFINITION_ID_`,`SCOPE_TYPE_`),
  CONSTRAINT `ACT_FK_EXTERNAL_JOB_CUSTOM_VALUES` FOREIGN KEY (`CUSTOM_VALUES_ID_`) REFERENCES `act_ge_bytearray` (`ID_`),
  CONSTRAINT `ACT_FK_EXTERNAL_JOB_EXCEPTION` FOREIGN KEY (`EXCEPTION_STACK_ID_`) REFERENCES `act_ge_bytearray` (`ID_`)
) ENGINE=InnoDB DEFAULT CHARSET=utf8mb3 COLLATE=utf8mb3_bin;
/*!40101 SET character_set_client = @saved_cs_client */;

--
-- Dumping data for table `act_ru_external_job`
--

LOCK TABLES `act_ru_external_job` WRITE;
/*!40000 ALTER TABLE `act_ru_external_job` DISABLE KEYS */;
/*!40000 ALTER TABLE `act_ru_external_job` ENABLE KEYS */;
UNLOCK TABLES;

--
-- Table structure for table `act_ru_history_job`
--

DROP TABLE IF EXISTS `act_ru_history_job`;
/*!40101 SET @saved_cs_client     = @@character_set_client */;
/*!50503 SET character_set_client = utf8mb4 */;
CREATE TABLE `act_ru_history_job` (
  `ID_` varchar(64) COLLATE utf8mb3_bin NOT NULL,
  `REV_` int DEFAULT NULL,
  `LOCK_EXP_TIME_` timestamp(3) NULL DEFAULT NULL,
  `LOCK_OWNER_` varchar(255) COLLATE utf8mb3_bin DEFAULT NULL,
  `RETRIES_` int DEFAULT NULL,
  `EXCEPTION_STACK_ID_` varchar(64) COLLATE utf8mb3_bin DEFAULT NULL,
  `EXCEPTION_MSG_` varchar(4000) COLLATE utf8mb3_bin DEFAULT NULL,
  `HANDLER_TYPE_` varchar(255) COLLATE utf8mb3_bin DEFAULT NULL,
  `HANDLER_CFG_` varchar(4000) COLLATE utf8mb3_bin DEFAULT NULL,
  `CUSTOM_VALUES_ID_` varchar(64) COLLATE utf8mb3_bin DEFAULT NULL,
  `ADV_HANDLER_CFG_ID_` varchar(64) COLLATE utf8mb3_bin DEFAULT NULL,
  `CREATE_TIME_` timestamp(3) NULL DEFAULT NULL,
  `SCOPE_TYPE_` varchar(255) COLLATE utf8mb3_bin DEFAULT NULL,
  `TENANT_ID_` varchar(255) COLLATE utf8mb3_bin DEFAULT '',
  PRIMARY KEY (`ID_`)
) ENGINE=InnoDB DEFAULT CHARSET=utf8mb3 COLLATE=utf8mb3_bin;
/*!40101 SET character_set_client = @saved_cs_client */;

--
-- Dumping data for table `act_ru_history_job`
--

LOCK TABLES `act_ru_history_job` WRITE;
/*!40000 ALTER TABLE `act_ru_history_job` DISABLE KEYS */;
/*!40000 ALTER TABLE `act_ru_history_job` ENABLE KEYS */;
UNLOCK TABLES;

--
-- Table structure for table `act_ru_identitylink`
--

DROP TABLE IF EXISTS `act_ru_identitylink`;
/*!40101 SET @saved_cs_client     = @@character_set_client */;
/*!50503 SET character_set_client = utf8mb4 */;
CREATE TABLE `act_ru_identitylink` (
  `ID_` varchar(64) COLLATE utf8mb3_bin NOT NULL,
  `REV_` int DEFAULT NULL,
  `GROUP_ID_` varchar(255) COLLATE utf8mb3_bin DEFAULT NULL,
  `TYPE_` varchar(255) COLLATE utf8mb3_bin DEFAULT NULL,
  `USER_ID_` varchar(255) COLLATE utf8mb3_bin DEFAULT NULL,
  `TASK_ID_` varchar(64) COLLATE utf8mb3_bin DEFAULT NULL,
  `PROC_INST_ID_` varchar(64) COLLATE utf8mb3_bin DEFAULT NULL,
  `PROC_DEF_ID_` varchar(64) COLLATE utf8mb3_bin DEFAULT NULL,
  `SCOPE_ID_` varchar(255) COLLATE utf8mb3_bin DEFAULT NULL,
  `SUB_SCOPE_ID_` varchar(255) COLLATE utf8mb3_bin DEFAULT NULL,
  `SCOPE_TYPE_` varchar(255) COLLATE utf8mb3_bin DEFAULT NULL,
  `SCOPE_DEFINITION_ID_` varchar(255) COLLATE utf8mb3_bin DEFAULT NULL,
  PRIMARY KEY (`ID_`),
  KEY `ACT_IDX_IDENT_LNK_USER` (`USER_ID_`),
  KEY `ACT_IDX_IDENT_LNK_GROUP` (`GROUP_ID_`),
  KEY `ACT_IDX_IDENT_LNK_SCOPE` (`SCOPE_ID_`,`SCOPE_TYPE_`),
  KEY `ACT_IDX_IDENT_LNK_SUB_SCOPE` (`SUB_SCOPE_ID_`,`SCOPE_TYPE_`),
  KEY `ACT_IDX_IDENT_LNK_SCOPE_DEF` (`SCOPE_DEFINITION_ID_`,`SCOPE_TYPE_`),
  KEY `ACT_IDX_ATHRZ_PROCEDEF` (`PROC_DEF_ID_`),
  KEY `ACT_FK_TSKASS_TASK` (`TASK_ID_`),
  KEY `ACT_FK_IDL_PROCINST` (`PROC_INST_ID_`),
  CONSTRAINT `ACT_FK_ATHRZ_PROCEDEF` FOREIGN KEY (`PROC_DEF_ID_`) REFERENCES `act_re_procdef` (`ID_`),
  CONSTRAINT `ACT_FK_IDL_PROCINST` FOREIGN KEY (`PROC_INST_ID_`) REFERENCES `act_ru_execution` (`ID_`),
  CONSTRAINT `ACT_FK_TSKASS_TASK` FOREIGN KEY (`TASK_ID_`) REFERENCES `act_ru_task` (`ID_`)
) ENGINE=InnoDB DEFAULT CHARSET=utf8mb3 COLLATE=utf8mb3_bin;
/*!40101 SET character_set_client = @saved_cs_client */;

--
-- Dumping data for table `act_ru_identitylink`
--

LOCK TABLES `act_ru_identitylink` WRITE;
/*!40000 ALTER TABLE `act_ru_identitylink` DISABLE KEYS */;
/*!40000 ALTER TABLE `act_ru_identitylink` ENABLE KEYS */;
UNLOCK TABLES;

--
-- Table structure for table `act_ru_job`
--

DROP TABLE IF EXISTS `act_ru_job`;
/*!40101 SET @saved_cs_client     = @@character_set_client */;
/*!50503 SET character_set_client = utf8mb4 */;
CREATE TABLE `act_ru_job` (
  `ID_` varchar(64) COLLATE utf8mb3_bin NOT NULL,
  `REV_` int DEFAULT NULL,
  `CATEGORY_` varchar(255) COLLATE utf8mb3_bin DEFAULT NULL,
  `TYPE_` varchar(255) COLLATE utf8mb3_bin NOT NULL,
  `LOCK_EXP_TIME_` timestamp(3) NULL DEFAULT NULL,
  `LOCK_OWNER_` varchar(255) COLLATE utf8mb3_bin DEFAULT NULL,
  `EXCLUSIVE_` tinyint(1) DEFAULT NULL,
  `EXECUTION_ID_` varchar(64) COLLATE utf8mb3_bin DEFAULT NULL,
  `PROCESS_INSTANCE_ID_` varchar(64) COLLATE utf8mb3_bin DEFAULT NULL,
  `PROC_DEF_ID_` varchar(64) COLLATE utf8mb3_bin DEFAULT NULL,
  `ELEMENT_ID_` varchar(255) COLLATE utf8mb3_bin DEFAULT NULL,
  `ELEMENT_NAME_` varchar(255) COLLATE utf8mb3_bin DEFAULT NULL,
  `SCOPE_ID_` varchar(255) COLLATE utf8mb3_bin DEFAULT NULL,
  `SUB_SCOPE_ID_` varchar(255) COLLATE utf8mb3_bin DEFAULT NULL,
  `SCOPE_TYPE_` varchar(255) COLLATE utf8mb3_bin DEFAULT NULL,
  `SCOPE_DEFINITION_ID_` varchar(255) COLLATE utf8mb3_bin DEFAULT NULL,
  `CORRELATION_ID_` varchar(255) COLLATE utf8mb3_bin DEFAULT NULL,
  `RETRIES_` int DEFAULT NULL,
  `EXCEPTION_STACK_ID_` varchar(64) COLLATE utf8mb3_bin DEFAULT NULL,
  `EXCEPTION_MSG_` varchar(4000) COLLATE utf8mb3_bin DEFAULT NULL,
  `DUEDATE_` timestamp(3) NULL DEFAULT NULL,
  `REPEAT_` varchar(255) COLLATE utf8mb3_bin DEFAULT NULL,
  `HANDLER_TYPE_` varchar(255) COLLATE utf8mb3_bin DEFAULT NULL,
  `HANDLER_CFG_` varchar(4000) COLLATE utf8mb3_bin DEFAULT NULL,
  `CUSTOM_VALUES_ID_` varchar(64) COLLATE utf8mb3_bin DEFAULT NULL,
  `CREATE_TIME_` timestamp(3) NULL DEFAULT NULL,
  `TENANT_ID_` varchar(255) COLLATE utf8mb3_bin DEFAULT '',
  PRIMARY KEY (`ID_`),
  KEY `ACT_IDX_JOB_EXCEPTION_STACK_ID` (`EXCEPTION_STACK_ID_`),
  KEY `ACT_IDX_JOB_CUSTOM_VALUES_ID` (`CUSTOM_VALUES_ID_`),
  KEY `ACT_IDX_JOB_CORRELATION_ID` (`CORRELATION_ID_`),
  KEY `ACT_IDX_JOB_SCOPE` (`SCOPE_ID_`,`SCOPE_TYPE_`),
  KEY `ACT_IDX_JOB_SUB_SCOPE` (`SUB_SCOPE_ID_`,`SCOPE_TYPE_`),
  KEY `ACT_IDX_JOB_SCOPE_DEF` (`SCOPE_DEFINITION_ID_`,`SCOPE_TYPE_`),
  KEY `ACT_FK_JOB_EXECUTION` (`EXECUTION_ID_`),
  KEY `ACT_FK_JOB_PROCESS_INSTANCE` (`PROCESS_INSTANCE_ID_`),
  KEY `ACT_FK_JOB_PROC_DEF` (`PROC_DEF_ID_`),
  CONSTRAINT `ACT_FK_JOB_CUSTOM_VALUES` FOREIGN KEY (`CUSTOM_VALUES_ID_`) REFERENCES `act_ge_bytearray` (`ID_`),
  CONSTRAINT `ACT_FK_JOB_EXCEPTION` FOREIGN KEY (`EXCEPTION_STACK_ID_`) REFERENCES `act_ge_bytearray` (`ID_`),
  CONSTRAINT `ACT_FK_JOB_EXECUTION` FOREIGN KEY (`EXECUTION_ID_`) REFERENCES `act_ru_execution` (`ID_`),
  CONSTRAINT `ACT_FK_JOB_PROC_DEF` FOREIGN KEY (`PROC_DEF_ID_`) REFERENCES `act_re_procdef` (`ID_`),
  CONSTRAINT `ACT_FK_JOB_PROCESS_INSTANCE` FOREIGN KEY (`PROCESS_INSTANCE_ID_`) REFERENCES `act_ru_execution` (`ID_`)
) ENGINE=InnoDB DEFAULT CHARSET=utf8mb3 COLLATE=utf8mb3_bin;
/*!40101 SET character_set_client = @saved_cs_client */;

--
-- Dumping data for table `act_ru_job`
--

LOCK TABLES `act_ru_job` WRITE;
/*!40000 ALTER TABLE `act_ru_job` DISABLE KEYS */;
/*!40000 ALTER TABLE `act_ru_job` ENABLE KEYS */;
UNLOCK TABLES;

--
-- Table structure for table `act_ru_suspended_job`
--

DROP TABLE IF EXISTS `act_ru_suspended_job`;
/*!40101 SET @saved_cs_client     = @@character_set_client */;
/*!50503 SET character_set_client = utf8mb4 */;
CREATE TABLE `act_ru_suspended_job` (
  `ID_` varchar(64) COLLATE utf8mb3_bin NOT NULL,
  `REV_` int DEFAULT NULL,
  `CATEGORY_` varchar(255) COLLATE utf8mb3_bin DEFAULT NULL,
  `TYPE_` varchar(255) COLLATE utf8mb3_bin NOT NULL,
  `EXCLUSIVE_` tinyint(1) DEFAULT NULL,
  `EXECUTION_ID_` varchar(64) COLLATE utf8mb3_bin DEFAULT NULL,
  `PROCESS_INSTANCE_ID_` varchar(64) COLLATE utf8mb3_bin DEFAULT NULL,
  `PROC_DEF_ID_` varchar(64) COLLATE utf8mb3_bin DEFAULT NULL,
  `ELEMENT_ID_` varchar(255) COLLATE utf8mb3_bin DEFAULT NULL,
  `ELEMENT_NAME_` varchar(255) COLLATE utf8mb3_bin DEFAULT NULL,
  `SCOPE_ID_` varchar(255) COLLATE utf8mb3_bin DEFAULT NULL,
  `SUB_SCOPE_ID_` varchar(255) COLLATE utf8mb3_bin DEFAULT NULL,
  `SCOPE_TYPE_` varchar(255) COLLATE utf8mb3_bin DEFAULT NULL,
  `SCOPE_DEFINITION_ID_` varchar(255) COLLATE utf8mb3_bin DEFAULT NULL,
  `CORRELATION_ID_` varchar(255) COLLATE utf8mb3_bin DEFAULT NULL,
  `RETRIES_` int DEFAULT NULL,
  `EXCEPTION_STACK_ID_` varchar(64) COLLATE utf8mb3_bin DEFAULT NULL,
  `EXCEPTION_MSG_` varchar(4000) COLLATE utf8mb3_bin DEFAULT NULL,
  `DUEDATE_` timestamp(3) NULL DEFAULT NULL,
  `REPEAT_` varchar(255) COLLATE utf8mb3_bin DEFAULT NULL,
  `HANDLER_TYPE_` varchar(255) COLLATE utf8mb3_bin DEFAULT NULL,
  `HANDLER_CFG_` varchar(4000) COLLATE utf8mb3_bin DEFAULT NULL,
  `CUSTOM_VALUES_ID_` varchar(64) COLLATE utf8mb3_bin DEFAULT NULL,
  `CREATE_TIME_` timestamp(3) NULL DEFAULT NULL,
  `TENANT_ID_` varchar(255) COLLATE utf8mb3_bin DEFAULT '',
  PRIMARY KEY (`ID_`),
  KEY `ACT_IDX_SUSPENDED_JOB_EXCEPTION_STACK_ID` (`EXCEPTION_STACK_ID_`),
  KEY `ACT_IDX_SUSPENDED_JOB_CUSTOM_VALUES_ID` (`CUSTOM_VALUES_ID_`),
  KEY `ACT_IDX_SUSPENDED_JOB_CORRELATION_ID` (`CORRELATION_ID_`),
  KEY `ACT_IDX_SJOB_SCOPE` (`SCOPE_ID_`,`SCOPE_TYPE_`),
  KEY `ACT_IDX_SJOB_SUB_SCOPE` (`SUB_SCOPE_ID_`,`SCOPE_TYPE_`),
  KEY `ACT_IDX_SJOB_SCOPE_DEF` (`SCOPE_DEFINITION_ID_`,`SCOPE_TYPE_`),
  KEY `ACT_FK_SUSPENDED_JOB_EXECUTION` (`EXECUTION_ID_`),
  KEY `ACT_FK_SUSPENDED_JOB_PROCESS_INSTANCE` (`PROCESS_INSTANCE_ID_`),
  KEY `ACT_FK_SUSPENDED_JOB_PROC_DEF` (`PROC_DEF_ID_`),
  CONSTRAINT `ACT_FK_SUSPENDED_JOB_CUSTOM_VALUES` FOREIGN KEY (`CUSTOM_VALUES_ID_`) REFERENCES `act_ge_bytearray` (`ID_`),
  CONSTRAINT `ACT_FK_SUSPENDED_JOB_EXCEPTION` FOREIGN KEY (`EXCEPTION_STACK_ID_`) REFERENCES `act_ge_bytearray` (`ID_`),
  CONSTRAINT `ACT_FK_SUSPENDED_JOB_EXECUTION` FOREIGN KEY (`EXECUTION_ID_`) REFERENCES `act_ru_execution` (`ID_`),
  CONSTRAINT `ACT_FK_SUSPENDED_JOB_PROC_DEF` FOREIGN KEY (`PROC_DEF_ID_`) REFERENCES `act_re_procdef` (`ID_`),
  CONSTRAINT `ACT_FK_SUSPENDED_JOB_PROCESS_INSTANCE` FOREIGN KEY (`PROCESS_INSTANCE_ID_`) REFERENCES `act_ru_execution` (`ID_`)
) ENGINE=InnoDB DEFAULT CHARSET=utf8mb3 COLLATE=utf8mb3_bin;
/*!40101 SET character_set_client = @saved_cs_client */;

--
-- Dumping data for table `act_ru_suspended_job`
--

LOCK TABLES `act_ru_suspended_job` WRITE;
/*!40000 ALTER TABLE `act_ru_suspended_job` DISABLE KEYS */;
/*!40000 ALTER TABLE `act_ru_suspended_job` ENABLE KEYS */;
UNLOCK TABLES;

--
-- Table structure for table `act_ru_task`
--

DROP TABLE IF EXISTS `act_ru_task`;
/*!40101 SET @saved_cs_client     = @@character_set_client */;
/*!50503 SET character_set_client = utf8mb4 */;
CREATE TABLE `act_ru_task` (
  `ID_` varchar(64) COLLATE utf8mb3_bin NOT NULL,
  `REV_` int DEFAULT NULL,
  `EXECUTION_ID_` varchar(64) COLLATE utf8mb3_bin DEFAULT NULL,
  `PROC_INST_ID_` varchar(64) COLLATE utf8mb3_bin DEFAULT NULL,
  `PROC_DEF_ID_` varchar(64) COLLATE utf8mb3_bin DEFAULT NULL,
  `TASK_DEF_ID_` varchar(64) COLLATE utf8mb3_bin DEFAULT NULL,
  `SCOPE_ID_` varchar(255) COLLATE utf8mb3_bin DEFAULT NULL,
  `SUB_SCOPE_ID_` varchar(255) COLLATE utf8mb3_bin DEFAULT NULL,
  `SCOPE_TYPE_` varchar(255) COLLATE utf8mb3_bin DEFAULT NULL,
  `SCOPE_DEFINITION_ID_` varchar(255) COLLATE utf8mb3_bin DEFAULT NULL,
  `PROPAGATED_STAGE_INST_ID_` varchar(255) COLLATE utf8mb3_bin DEFAULT NULL,
  `NAME_` varchar(255) COLLATE utf8mb3_bin DEFAULT NULL,
  `PARENT_TASK_ID_` varchar(64) COLLATE utf8mb3_bin DEFAULT NULL,
  `DESCRIPTION_` varchar(4000) COLLATE utf8mb3_bin DEFAULT NULL,
  `TASK_DEF_KEY_` varchar(255) COLLATE utf8mb3_bin DEFAULT NULL,
  `OWNER_` varchar(255) COLLATE utf8mb3_bin DEFAULT NULL,
  `ASSIGNEE_` varchar(255) COLLATE utf8mb3_bin DEFAULT NULL,
  `DELEGATION_` varchar(64) COLLATE utf8mb3_bin DEFAULT NULL,
  `PRIORITY_` int DEFAULT NULL,
  `CREATE_TIME_` timestamp(3) NULL DEFAULT NULL,
  `DUE_DATE_` datetime(3) DEFAULT NULL,
  `CATEGORY_` varchar(255) COLLATE utf8mb3_bin DEFAULT NULL,
  `SUSPENSION_STATE_` int DEFAULT NULL,
  `TENANT_ID_` varchar(255) COLLATE utf8mb3_bin DEFAULT '',
  `FORM_KEY_` varchar(255) COLLATE utf8mb3_bin DEFAULT NULL,
  `CLAIM_TIME_` datetime(3) DEFAULT NULL,
  `IS_COUNT_ENABLED_` tinyint DEFAULT NULL,
  `VAR_COUNT_` int DEFAULT NULL,
  `ID_LINK_COUNT_` int DEFAULT NULL,
  `SUB_TASK_COUNT_` int DEFAULT NULL,
  PRIMARY KEY (`ID_`),
  KEY `ACT_IDX_TASK_CREATE` (`CREATE_TIME_`),
  KEY `ACT_IDX_TASK_SCOPE` (`SCOPE_ID_`,`SCOPE_TYPE_`),
  KEY `ACT_IDX_TASK_SUB_SCOPE` (`SUB_SCOPE_ID_`,`SCOPE_TYPE_`),
  KEY `ACT_IDX_TASK_SCOPE_DEF` (`SCOPE_DEFINITION_ID_`,`SCOPE_TYPE_`),
  KEY `ACT_FK_TASK_EXE` (`EXECUTION_ID_`),
  KEY `ACT_FK_TASK_PROCINST` (`PROC_INST_ID_`),
  KEY `ACT_FK_TASK_PROCDEF` (`PROC_DEF_ID_`),
  CONSTRAINT `ACT_FK_TASK_EXE` FOREIGN KEY (`EXECUTION_ID_`) REFERENCES `act_ru_execution` (`ID_`),
  CONSTRAINT `ACT_FK_TASK_PROCDEF` FOREIGN KEY (`PROC_DEF_ID_`) REFERENCES `act_re_procdef` (`ID_`),
  CONSTRAINT `ACT_FK_TASK_PROCINST` FOREIGN KEY (`PROC_INST_ID_`) REFERENCES `act_ru_execution` (`ID_`)
) ENGINE=InnoDB DEFAULT CHARSET=utf8mb3 COLLATE=utf8mb3_bin;
/*!40101 SET character_set_client = @saved_cs_client */;

--
-- Dumping data for table `act_ru_task`
--

LOCK TABLES `act_ru_task` WRITE;
/*!40000 ALTER TABLE `act_ru_task` DISABLE KEYS */;
/*!40000 ALTER TABLE `act_ru_task` ENABLE KEYS */;
UNLOCK TABLES;

--
-- Table structure for table `act_ru_timer_job`
--

DROP TABLE IF EXISTS `act_ru_timer_job`;
/*!40101 SET @saved_cs_client     = @@character_set_client */;
/*!50503 SET character_set_client = utf8mb4 */;
CREATE TABLE `act_ru_timer_job` (
  `ID_` varchar(64) COLLATE utf8mb3_bin NOT NULL,
  `REV_` int DEFAULT NULL,
  `CATEGORY_` varchar(255) COLLATE utf8mb3_bin DEFAULT NULL,
  `TYPE_` varchar(255) COLLATE utf8mb3_bin NOT NULL,
  `LOCK_EXP_TIME_` timestamp(3) NULL DEFAULT NULL,
  `LOCK_OWNER_` varchar(255) COLLATE utf8mb3_bin DEFAULT NULL,
  `EXCLUSIVE_` tinyint(1) DEFAULT NULL,
  `EXECUTION_ID_` varchar(64) COLLATE utf8mb3_bin DEFAULT NULL,
  `PROCESS_INSTANCE_ID_` varchar(64) COLLATE utf8mb3_bin DEFAULT NULL,
  `PROC_DEF_ID_` varchar(64) COLLATE utf8mb3_bin DEFAULT NULL,
  `ELEMENT_ID_` varchar(255) COLLATE utf8mb3_bin DEFAULT NULL,
  `ELEMENT_NAME_` varchar(255) COLLATE utf8mb3_bin DEFAULT NULL,
  `SCOPE_ID_` varchar(255) COLLATE utf8mb3_bin DEFAULT NULL,
  `SUB_SCOPE_ID_` varchar(255) COLLATE utf8mb3_bin DEFAULT NULL,
  `SCOPE_TYPE_` varchar(255) COLLATE utf8mb3_bin DEFAULT NULL,
  `SCOPE_DEFINITION_ID_` varchar(255) COLLATE utf8mb3_bin DEFAULT NULL,
  `CORRELATION_ID_` varchar(255) COLLATE utf8mb3_bin DEFAULT NULL,
  `RETRIES_` int DEFAULT NULL,
  `EXCEPTION_STACK_ID_` varchar(64) COLLATE utf8mb3_bin DEFAULT NULL,
  `EXCEPTION_MSG_` varchar(4000) COLLATE utf8mb3_bin DEFAULT NULL,
  `DUEDATE_` timestamp(3) NULL DEFAULT NULL,
  `REPEAT_` varchar(255) COLLATE utf8mb3_bin DEFAULT NULL,
  `HANDLER_TYPE_` varchar(255) COLLATE utf8mb3_bin DEFAULT NULL,
  `HANDLER_CFG_` varchar(4000) COLLATE utf8mb3_bin DEFAULT NULL,
  `CUSTOM_VALUES_ID_` varchar(64) COLLATE utf8mb3_bin DEFAULT NULL,
  `CREATE_TIME_` timestamp(3) NULL DEFAULT NULL,
  `TENANT_ID_` varchar(255) COLLATE utf8mb3_bin DEFAULT '',
  PRIMARY KEY (`ID_`),
  KEY `ACT_IDX_TIMER_JOB_EXCEPTION_STACK_ID` (`EXCEPTION_STACK_ID_`),
  KEY `ACT_IDX_TIMER_JOB_CUSTOM_VALUES_ID` (`CUSTOM_VALUES_ID_`),
  KEY `ACT_IDX_TIMER_JOB_CORRELATION_ID` (`CORRELATION_ID_`),
  KEY `ACT_IDX_TIMER_JOB_DUEDATE` (`DUEDATE_`),
  KEY `ACT_IDX_TJOB_SCOPE` (`SCOPE_ID_`,`SCOPE_TYPE_`),
  KEY `ACT_IDX_TJOB_SUB_SCOPE` (`SUB_SCOPE_ID_`,`SCOPE_TYPE_`),
  KEY `ACT_IDX_TJOB_SCOPE_DEF` (`SCOPE_DEFINITION_ID_`,`SCOPE_TYPE_`),
  KEY `ACT_FK_TIMER_JOB_EXECUTION` (`EXECUTION_ID_`),
  KEY `ACT_FK_TIMER_JOB_PROCESS_INSTANCE` (`PROCESS_INSTANCE_ID_`),
  KEY `ACT_FK_TIMER_JOB_PROC_DEF` (`PROC_DEF_ID_`),
  CONSTRAINT `ACT_FK_TIMER_JOB_CUSTOM_VALUES` FOREIGN KEY (`CUSTOM_VALUES_ID_`) REFERENCES `act_ge_bytearray` (`ID_`),
  CONSTRAINT `ACT_FK_TIMER_JOB_EXCEPTION` FOREIGN KEY (`EXCEPTION_STACK_ID_`) REFERENCES `act_ge_bytearray` (`ID_`),
  CONSTRAINT `ACT_FK_TIMER_JOB_EXECUTION` FOREIGN KEY (`EXECUTION_ID_`) REFERENCES `act_ru_execution` (`ID_`),
  CONSTRAINT `ACT_FK_TIMER_JOB_PROC_DEF` FOREIGN KEY (`PROC_DEF_ID_`) REFERENCES `act_re_procdef` (`ID_`),
  CONSTRAINT `ACT_FK_TIMER_JOB_PROCESS_INSTANCE` FOREIGN KEY (`PROCESS_INSTANCE_ID_`) REFERENCES `act_ru_execution` (`ID_`)
) ENGINE=InnoDB DEFAULT CHARSET=utf8mb3 COLLATE=utf8mb3_bin;
/*!40101 SET character_set_client = @saved_cs_client */;

--
-- Dumping data for table `act_ru_timer_job`
--

LOCK TABLES `act_ru_timer_job` WRITE;
/*!40000 ALTER TABLE `act_ru_timer_job` DISABLE KEYS */;
/*!40000 ALTER TABLE `act_ru_timer_job` ENABLE KEYS */;
UNLOCK TABLES;

--
-- Table structure for table `act_ru_variable`
--

DROP TABLE IF EXISTS `act_ru_variable`;
/*!40101 SET @saved_cs_client     = @@character_set_client */;
/*!50503 SET character_set_client = utf8mb4 */;
CREATE TABLE `act_ru_variable` (
  `ID_` varchar(64) COLLATE utf8mb3_bin NOT NULL,
  `REV_` int DEFAULT NULL,
  `TYPE_` varchar(255) COLLATE utf8mb3_bin NOT NULL,
  `NAME_` varchar(255) COLLATE utf8mb3_bin NOT NULL,
  `EXECUTION_ID_` varchar(64) COLLATE utf8mb3_bin DEFAULT NULL,
  `PROC_INST_ID_` varchar(64) COLLATE utf8mb3_bin DEFAULT NULL,
  `TASK_ID_` varchar(64) COLLATE utf8mb3_bin DEFAULT NULL,
  `SCOPE_ID_` varchar(255) COLLATE utf8mb3_bin DEFAULT NULL,
  `SUB_SCOPE_ID_` varchar(255) COLLATE utf8mb3_bin DEFAULT NULL,
  `SCOPE_TYPE_` varchar(255) COLLATE utf8mb3_bin DEFAULT NULL,
  `BYTEARRAY_ID_` varchar(64) COLLATE utf8mb3_bin DEFAULT NULL,
  `DOUBLE_` double DEFAULT NULL,
  `LONG_` bigint DEFAULT NULL,
  `TEXT_` varchar(4000) COLLATE utf8mb3_bin DEFAULT NULL,
  `TEXT2_` varchar(4000) COLLATE utf8mb3_bin DEFAULT NULL,
  PRIMARY KEY (`ID_`),
  KEY `ACT_IDX_RU_VAR_SCOPE_ID_TYPE` (`SCOPE_ID_`,`SCOPE_TYPE_`),
  KEY `ACT_IDX_RU_VAR_SUB_ID_TYPE` (`SUB_SCOPE_ID_`,`SCOPE_TYPE_`),
  KEY `ACT_FK_VAR_BYTEARRAY` (`BYTEARRAY_ID_`),
  KEY `ACT_IDX_VARIABLE_TASK_ID` (`TASK_ID_`),
  KEY `ACT_FK_VAR_EXE` (`EXECUTION_ID_`),
  KEY `ACT_FK_VAR_PROCINST` (`PROC_INST_ID_`),
  CONSTRAINT `ACT_FK_VAR_BYTEARRAY` FOREIGN KEY (`BYTEARRAY_ID_`) REFERENCES `act_ge_bytearray` (`ID_`),
  CONSTRAINT `ACT_FK_VAR_EXE` FOREIGN KEY (`EXECUTION_ID_`) REFERENCES `act_ru_execution` (`ID_`),
  CONSTRAINT `ACT_FK_VAR_PROCINST` FOREIGN KEY (`PROC_INST_ID_`) REFERENCES `act_ru_execution` (`ID_`)
) ENGINE=InnoDB DEFAULT CHARSET=utf8mb3 COLLATE=utf8mb3_bin;
/*!40101 SET character_set_client = @saved_cs_client */;

--
-- Dumping data for table `act_ru_variable`
--

LOCK TABLES `act_ru_variable` WRITE;
/*!40000 ALTER TABLE `act_ru_variable` DISABLE KEYS */;
/*!40000 ALTER TABLE `act_ru_variable` ENABLE KEYS */;
UNLOCK TABLES;

--
-- Table structure for table `bpm_form`
--

DROP TABLE IF EXISTS `bpm_form`;
/*!40101 SET @saved_cs_client     = @@character_set_client */;
/*!50503 SET character_set_client = utf8mb4 */;
CREATE TABLE `bpm_form` (
  `id` int NOT NULL AUTO_INCREMENT,
  `create_time` datetime DEFAULT NULL,
  `create_by` varchar(20) CHARACTER SET utf8mb4 COLLATE utf8mb4_0900_ai_ci DEFAULT NULL,
  `update_time` datetime DEFAULT NULL,
  `update_by` varchar(20) CHARACTER SET utf8mb4 COLLATE utf8mb4_0900_ai_ci DEFAULT NULL,
  `deleted` tinyint DEFAULT NULL,
  `name` varchar(50) CHARACTER SET utf8mb4 COLLATE utf8mb4_0900_ai_ci DEFAULT NULL,
  `status` int DEFAULT NULL,
  `conf` json DEFAULT NULL,
  `fields` json DEFAULT NULL,
  `remark` varchar(255) CHARACTER SET utf8mb4 COLLATE utf8mb4_0900_ai_ci DEFAULT NULL,
  PRIMARY KEY (`id`) USING BTREE
) ENGINE=InnoDB DEFAULT CHARSET=utf8mb4 COLLATE=utf8mb4_0900_ai_ci ROW_FORMAT=DYNAMIC;
/*!40101 SET character_set_client = @saved_cs_client */;

--
-- Dumping data for table `bpm_form`
--

LOCK TABLES `bpm_form` WRITE;
/*!40000 ALTER TABLE `bpm_form` DISABLE KEYS */;
/*!40000 ALTER TABLE `bpm_form` ENABLE KEYS */;
UNLOCK TABLES;

--
-- Table structure for table `bpm_process_definition_ext`
--

DROP TABLE IF EXISTS `bpm_process_definition_ext`;
/*!40101 SET @saved_cs_client     = @@character_set_client */;
/*!50503 SET character_set_client = utf8mb4 */;
CREATE TABLE `bpm_process_definition_ext` (
  `id` int NOT NULL AUTO_INCREMENT,
  `create_time` datetime DEFAULT NULL,
  `create_by` varchar(30) CHARACTER SET utf8mb4 COLLATE utf8mb4_0900_ai_ci DEFAULT NULL,
  `update_time` datetime DEFAULT NULL,
  `update_by` varchar(30) CHARACTER SET utf8mb4 COLLATE utf8mb4_0900_ai_ci DEFAULT NULL,
  `deleted` tinyint DEFAULT NULL,
  `process_definition_id` varchar(255) CHARACTER SET utf8mb4 COLLATE utf8mb4_0900_ai_ci DEFAULT NULL,
  `model_id` varchar(255) CHARACTER SET utf8mb4 COLLATE utf8mb4_0900_ai_ci DEFAULT NULL,
  `description` varchar(255) CHARACTER SET utf8mb4 COLLATE utf8mb4_0900_ai_ci DEFAULT NULL,
  `form_type` int DEFAULT NULL,
  `form_id` int DEFAULT NULL,
  `form_conf` json DEFAULT NULL,
  `form_fields` json DEFAULT NULL,
  `form_custom_create_path` varchar(255) CHARACTER SET utf8mb4 COLLATE utf8mb4_0900_ai_ci DEFAULT NULL,
  `form_custom_view_path` varchar(255) CHARACTER SET utf8mb4 COLLATE utf8mb4_0900_ai_ci DEFAULT NULL,
  `remark` varchar(255) CHARACTER SET utf8mb4 COLLATE utf8mb4_0900_ai_ci DEFAULT NULL,
  PRIMARY KEY (`id`) USING BTREE
) ENGINE=InnoDB DEFAULT CHARSET=utf8mb4 COLLATE=utf8mb4_0900_ai_ci ROW_FORMAT=DYNAMIC;
/*!40101 SET character_set_client = @saved_cs_client */;

--
-- Dumping data for table `bpm_process_definition_ext`
--

LOCK TABLES `bpm_process_definition_ext` WRITE;
/*!40000 ALTER TABLE `bpm_process_definition_ext` DISABLE KEYS */;
/*!40000 ALTER TABLE `bpm_process_definition_ext` ENABLE KEYS */;
UNLOCK TABLES;

--
-- Table structure for table `bpm_process_instance_ext`
--

DROP TABLE IF EXISTS `bpm_process_instance_ext`;
/*!40101 SET @saved_cs_client     = @@character_set_client */;
/*!50503 SET character_set_client = utf8mb4 */;
CREATE TABLE `bpm_process_instance_ext` (
  `id` int NOT NULL AUTO_INCREMENT,
  `create_time` datetime DEFAULT NULL,
  `create_by` varchar(30) CHARACTER SET utf8mb4 COLLATE utf8mb4_0900_ai_ci DEFAULT NULL,
  `update_time` datetime DEFAULT NULL,
  `update_by` varchar(30) CHARACTER SET utf8mb4 COLLATE utf8mb4_0900_ai_ci DEFAULT NULL,
  `deleted` tinyint DEFAULT NULL,
  `start_user_id` int DEFAULT NULL,
  `name` varchar(255) CHARACTER SET utf8mb4 COLLATE utf8mb4_0900_ai_ci DEFAULT NULL,
  `process_instance_id` varchar(255) CHARACTER SET utf8mb4 COLLATE utf8mb4_0900_ai_ci DEFAULT NULL,
  `process_definition_id` varchar(255) CHARACTER SET utf8mb4 COLLATE utf8mb4_0900_ai_ci DEFAULT NULL,
  `category` varchar(255) CHARACTER SET utf8mb4 COLLATE utf8mb4_0900_ai_ci DEFAULT NULL,
  `status` int DEFAULT NULL,
  `result` int DEFAULT NULL,
  `end_time` datetime DEFAULT NULL,
  `form_variables` json DEFAULT NULL,
  `remark` varchar(255) CHARACTER SET utf8mb4 COLLATE utf8mb4_0900_ai_ci DEFAULT NULL,
  PRIMARY KEY (`id`) USING BTREE
) ENGINE=InnoDB DEFAULT CHARSET=utf8mb4 COLLATE=utf8mb4_0900_ai_ci ROW_FORMAT=DYNAMIC;
/*!40101 SET character_set_client = @saved_cs_client */;

--
-- Dumping data for table `bpm_process_instance_ext`
--

LOCK TABLES `bpm_process_instance_ext` WRITE;
/*!40000 ALTER TABLE `bpm_process_instance_ext` DISABLE KEYS */;
/*!40000 ALTER TABLE `bpm_process_instance_ext` ENABLE KEYS */;
UNLOCK TABLES;

--
-- Table structure for table `bpm_task_assign_rule`
--

DROP TABLE IF EXISTS `bpm_task_assign_rule`;
/*!40101 SET @saved_cs_client     = @@character_set_client */;
/*!50503 SET character_set_client = utf8mb4 */;
CREATE TABLE `bpm_task_assign_rule` (
  `id` bigint NOT NULL AUTO_INCREMENT,
  `create_time` datetime DEFAULT NULL,
  `create_by` varchar(30) CHARACTER SET utf8mb4 COLLATE utf8mb4_0900_ai_ci DEFAULT NULL,
  `update_time` datetime DEFAULT NULL,
  `update_by` varchar(30) CHARACTER SET utf8mb4 COLLATE utf8mb4_0900_ai_ci DEFAULT NULL,
  `deleted` tinyint DEFAULT NULL,
  `model_id` varchar(255) CHARACTER SET utf8mb4 COLLATE utf8mb4_0900_ai_ci DEFAULT NULL,
  `process_definition_id` varchar(255) CHARACTER SET utf8mb4 COLLATE utf8mb4_0900_ai_ci DEFAULT NULL,
  `task_definition_key` varchar(255) CHARACTER SET utf8mb4 COLLATE utf8mb4_0900_ai_ci DEFAULT NULL,
  `type` int DEFAULT NULL,
  `options` json DEFAULT NULL,
  `remark` varchar(255) CHARACTER SET utf8mb4 COLLATE utf8mb4_0900_ai_ci DEFAULT NULL,
  PRIMARY KEY (`id`) USING BTREE
) ENGINE=InnoDB DEFAULT CHARSET=utf8mb4 COLLATE=utf8mb4_0900_ai_ci ROW_FORMAT=DYNAMIC;
/*!40101 SET character_set_client = @saved_cs_client */;

--
-- Dumping data for table `bpm_task_assign_rule`
--

LOCK TABLES `bpm_task_assign_rule` WRITE;
/*!40000 ALTER TABLE `bpm_task_assign_rule` DISABLE KEYS */;
/*!40000 ALTER TABLE `bpm_task_assign_rule` ENABLE KEYS */;
UNLOCK TABLES;

--
-- Table structure for table `bpm_task_ext`
--

DROP TABLE IF EXISTS `bpm_task_ext`;
/*!40101 SET @saved_cs_client     = @@character_set_client */;
/*!50503 SET character_set_client = utf8mb4 */;
CREATE TABLE `bpm_task_ext` (
  `id` int NOT NULL AUTO_INCREMENT,
  `create_time` datetime DEFAULT NULL,
  `create_by` varchar(30) CHARACTER SET utf8mb4 COLLATE utf8mb4_0900_ai_ci DEFAULT NULL,
  `update_time` datetime DEFAULT NULL,
  `update_by` varchar(30) CHARACTER SET utf8mb4 COLLATE utf8mb4_0900_ai_ci DEFAULT NULL,
  `deleted` tinyint DEFAULT NULL,
  `assignee_user_id` int DEFAULT NULL,
  `name` varchar(255) CHARACTER SET utf8mb4 COLLATE utf8mb4_0900_ai_ci DEFAULT NULL,
  `task_id` varchar(255) CHARACTER SET utf8mb4 COLLATE utf8mb4_0900_ai_ci DEFAULT NULL,
  `result` int DEFAULT NULL,
  `reason` varchar(255) CHARACTER SET utf8mb4 COLLATE utf8mb4_0900_ai_ci DEFAULT NULL,
  `end_time` datetime DEFAULT NULL,
  `process_instance_id` varchar(255) CHARACTER SET utf8mb4 COLLATE utf8mb4_0900_ai_ci DEFAULT NULL,
  `process_definition_id` varchar(255) CHARACTER SET utf8mb4 COLLATE utf8mb4_0900_ai_ci DEFAULT NULL,
  `remark` varchar(255) CHARACTER SET utf8mb4 COLLATE utf8mb4_0900_ai_ci DEFAULT NULL,
  PRIMARY KEY (`id`) USING BTREE
) ENGINE=InnoDB DEFAULT CHARSET=utf8mb4 COLLATE=utf8mb4_0900_ai_ci ROW_FORMAT=DYNAMIC;
/*!40101 SET character_set_client = @saved_cs_client */;

--
-- Dumping data for table `bpm_task_ext`
--

LOCK TABLES `bpm_task_ext` WRITE;
/*!40000 ALTER TABLE `bpm_task_ext` DISABLE KEYS */;
/*!40000 ALTER TABLE `bpm_task_ext` ENABLE KEYS */;
UNLOCK TABLES;

--
-- Table structure for table `flw_channel_definition`
--

DROP TABLE IF EXISTS `flw_channel_definition`;
/*!40101 SET @saved_cs_client     = @@character_set_client */;
/*!50503 SET character_set_client = utf8mb4 */;
CREATE TABLE `flw_channel_definition` (
  `ID_` varchar(255) NOT NULL,
  `NAME_` varchar(255) DEFAULT NULL,
  `VERSION_` int DEFAULT NULL,
  `KEY_` varchar(255) DEFAULT NULL,
  `CATEGORY_` varchar(255) DEFAULT NULL,
  `DEPLOYMENT_ID_` varchar(255) DEFAULT NULL,
  `CREATE_TIME_` datetime(3) DEFAULT NULL,
  `TENANT_ID_` varchar(255) DEFAULT NULL,
  `RESOURCE_NAME_` varchar(255) DEFAULT NULL,
  `DESCRIPTION_` varchar(255) DEFAULT NULL,
  `TYPE_` varchar(255) DEFAULT NULL,
  `IMPLEMENTATION_` varchar(255) DEFAULT NULL,
  PRIMARY KEY (`ID_`),
  UNIQUE KEY `ACT_IDX_CHANNEL_DEF_UNIQ` (`KEY_`,`VERSION_`,`TENANT_ID_`)
) ENGINE=InnoDB DEFAULT CHARSET=utf8mb4 COLLATE=utf8mb4_0900_ai_ci;
/*!40101 SET character_set_client = @saved_cs_client */;

--
-- Dumping data for table `flw_channel_definition`
--

LOCK TABLES `flw_channel_definition` WRITE;
/*!40000 ALTER TABLE `flw_channel_definition` DISABLE KEYS */;
/*!40000 ALTER TABLE `flw_channel_definition` ENABLE KEYS */;
UNLOCK TABLES;

--
-- Table structure for table `flw_ev_databasechangelog`
--

DROP TABLE IF EXISTS `flw_ev_databasechangelog`;
/*!40101 SET @saved_cs_client     = @@character_set_client */;
/*!50503 SET character_set_client = utf8mb4 */;
CREATE TABLE `flw_ev_databasechangelog` (
  `ID` varchar(255) NOT NULL,
  `AUTHOR` varchar(255) NOT NULL,
  `FILENAME` varchar(255) NOT NULL,
  `DATEEXECUTED` datetime NOT NULL,
  `ORDEREXECUTED` int NOT NULL,
  `EXECTYPE` varchar(10) NOT NULL,
  `MD5SUM` varchar(35) DEFAULT NULL,
  `DESCRIPTION` varchar(255) DEFAULT NULL,
  `COMMENTS` varchar(255) DEFAULT NULL,
  `TAG` varchar(255) DEFAULT NULL,
  `LIQUIBASE` varchar(20) DEFAULT NULL,
  `CONTEXTS` varchar(255) DEFAULT NULL,
  `LABELS` varchar(255) DEFAULT NULL,
  `DEPLOYMENT_ID` varchar(10) DEFAULT NULL
) ENGINE=InnoDB DEFAULT CHARSET=utf8mb4 COLLATE=utf8mb4_0900_ai_ci;
/*!40101 SET character_set_client = @saved_cs_client */;

--
-- Dumping data for table `flw_ev_databasechangelog`
--

LOCK TABLES `flw_ev_databasechangelog` WRITE;
/*!40000 ALTER TABLE `flw_ev_databasechangelog` DISABLE KEYS */;
INSERT INTO `flw_ev_databasechangelog` VALUES ('1','flowable','org/flowable/eventregistry/db/liquibase/flowable-eventregistry-db-changelog.xml','2023-10-24 09:13:50',1,'EXECUTED','8:1b0c48c9cf7945be799d868a2626d687','createTable tableName=FLW_EVENT_DEPLOYMENT; createTable tableName=FLW_EVENT_RESOURCE; createTable tableName=FLW_EVENT_DEFINITION; createIndex indexName=ACT_IDX_EVENT_DEF_UNIQ, tableName=FLW_EVENT_DEFINITION; createTable tableName=FLW_CHANNEL_DEFIN...','',NULL,'4.3.5',NULL,NULL,'8110030607'),('2','flowable','org/flowable/eventregistry/db/liquibase/flowable-eventregistry-db-changelog.xml','2023-10-24 09:13:50',2,'EXECUTED','8:0ea825feb8e470558f0b5754352b9cda','addColumn tableName=FLW_CHANNEL_DEFINITION; addColumn tableName=FLW_CHANNEL_DEFINITION','',NULL,'4.3.5',NULL,NULL,'8110030607'),('3','flowable','org/flowable/eventregistry/db/liquibase/flowable-eventregistry-db-changelog.xml','2023-10-24 09:13:50',3,'EXECUTED','8:3c2bb293350b5cbe6504331980c9dcee','customChange','',NULL,'4.3.5',NULL,NULL,'8110030607');
/*!40000 ALTER TABLE `flw_ev_databasechangelog` ENABLE KEYS */;
UNLOCK TABLES;

--
-- Table structure for table `flw_ev_databasechangeloglock`
--

DROP TABLE IF EXISTS `flw_ev_databasechangeloglock`;
/*!40101 SET @saved_cs_client     = @@character_set_client */;
/*!50503 SET character_set_client = utf8mb4 */;
CREATE TABLE `flw_ev_databasechangeloglock` (
  `ID` int NOT NULL,
  `LOCKED` bit(1) NOT NULL,
  `LOCKGRANTED` datetime DEFAULT NULL,
  `LOCKEDBY` varchar(255) DEFAULT NULL,
  PRIMARY KEY (`ID`)
) ENGINE=InnoDB DEFAULT CHARSET=utf8mb4 COLLATE=utf8mb4_0900_ai_ci;
/*!40101 SET character_set_client = @saved_cs_client */;

--
-- Dumping data for table `flw_ev_databasechangeloglock`
--

LOCK TABLES `flw_ev_databasechangeloglock` WRITE;
/*!40000 ALTER TABLE `flw_ev_databasechangeloglock` DISABLE KEYS */;
INSERT INTO `flw_ev_databasechangeloglock` VALUES (1,_binary '\0',NULL,NULL);
/*!40000 ALTER TABLE `flw_ev_databasechangeloglock` ENABLE KEYS */;
UNLOCK TABLES;

--
-- Table structure for table `flw_event_definition`
--

DROP TABLE IF EXISTS `flw_event_definition`;
/*!40101 SET @saved_cs_client     = @@character_set_client */;
/*!50503 SET character_set_client = utf8mb4 */;
CREATE TABLE `flw_event_definition` (
  `ID_` varchar(255) NOT NULL,
  `NAME_` varchar(255) DEFAULT NULL,
  `VERSION_` int DEFAULT NULL,
  `KEY_` varchar(255) DEFAULT NULL,
  `CATEGORY_` varchar(255) DEFAULT NULL,
  `DEPLOYMENT_ID_` varchar(255) DEFAULT NULL,
  `TENANT_ID_` varchar(255) DEFAULT NULL,
  `RESOURCE_NAME_` varchar(255) DEFAULT NULL,
  `DESCRIPTION_` varchar(255) DEFAULT NULL,
  PRIMARY KEY (`ID_`),
  UNIQUE KEY `ACT_IDX_EVENT_DEF_UNIQ` (`KEY_`,`VERSION_`,`TENANT_ID_`)
) ENGINE=InnoDB DEFAULT CHARSET=utf8mb4 COLLATE=utf8mb4_0900_ai_ci;
/*!40101 SET character_set_client = @saved_cs_client */;

--
-- Dumping data for table `flw_event_definition`
--

LOCK TABLES `flw_event_definition` WRITE;
/*!40000 ALTER TABLE `flw_event_definition` DISABLE KEYS */;
/*!40000 ALTER TABLE `flw_event_definition` ENABLE KEYS */;
UNLOCK TABLES;

--
-- Table structure for table `flw_event_deployment`
--

DROP TABLE IF EXISTS `flw_event_deployment`;
/*!40101 SET @saved_cs_client     = @@character_set_client */;
/*!50503 SET character_set_client = utf8mb4 */;
CREATE TABLE `flw_event_deployment` (
  `ID_` varchar(255) NOT NULL,
  `NAME_` varchar(255) DEFAULT NULL,
  `CATEGORY_` varchar(255) DEFAULT NULL,
  `DEPLOY_TIME_` datetime(3) DEFAULT NULL,
  `TENANT_ID_` varchar(255) DEFAULT NULL,
  `PARENT_DEPLOYMENT_ID_` varchar(255) DEFAULT NULL,
  PRIMARY KEY (`ID_`)
) ENGINE=InnoDB DEFAULT CHARSET=utf8mb4 COLLATE=utf8mb4_0900_ai_ci;
/*!40101 SET character_set_client = @saved_cs_client */;

--
-- Dumping data for table `flw_event_deployment`
--

LOCK TABLES `flw_event_deployment` WRITE;
/*!40000 ALTER TABLE `flw_event_deployment` DISABLE KEYS */;
/*!40000 ALTER TABLE `flw_event_deployment` ENABLE KEYS */;
UNLOCK TABLES;

--
-- Table structure for table `flw_event_resource`
--

DROP TABLE IF EXISTS `flw_event_resource`;
/*!40101 SET @saved_cs_client     = @@character_set_client */;
/*!50503 SET character_set_client = utf8mb4 */;
CREATE TABLE `flw_event_resource` (
  `ID_` varchar(255) NOT NULL,
  `NAME_` varchar(255) DEFAULT NULL,
  `DEPLOYMENT_ID_` varchar(255) DEFAULT NULL,
  `RESOURCE_BYTES_` longblob,
  PRIMARY KEY (`ID_`)
) ENGINE=InnoDB DEFAULT CHARSET=utf8mb4 COLLATE=utf8mb4_0900_ai_ci;
/*!40101 SET character_set_client = @saved_cs_client */;

--
-- Dumping data for table `flw_event_resource`
--

LOCK TABLES `flw_event_resource` WRITE;
/*!40000 ALTER TABLE `flw_event_resource` DISABLE KEYS */;
/*!40000 ALTER TABLE `flw_event_resource` ENABLE KEYS */;
UNLOCK TABLES;

--
-- Table structure for table `flw_ru_batch`
--

DROP TABLE IF EXISTS `flw_ru_batch`;
/*!40101 SET @saved_cs_client     = @@character_set_client */;
/*!50503 SET character_set_client = utf8mb4 */;
CREATE TABLE `flw_ru_batch` (
  `ID_` varchar(64) COLLATE utf8mb3_bin NOT NULL,
  `REV_` int DEFAULT NULL,
  `TYPE_` varchar(64) COLLATE utf8mb3_bin NOT NULL,
  `SEARCH_KEY_` varchar(255) COLLATE utf8mb3_bin DEFAULT NULL,
  `SEARCH_KEY2_` varchar(255) COLLATE utf8mb3_bin DEFAULT NULL,
  `CREATE_TIME_` datetime(3) NOT NULL,
  `COMPLETE_TIME_` datetime(3) DEFAULT NULL,
  `STATUS_` varchar(255) COLLATE utf8mb3_bin DEFAULT NULL,
  `BATCH_DOC_ID_` varchar(64) COLLATE utf8mb3_bin DEFAULT NULL,
  `TENANT_ID_` varchar(255) COLLATE utf8mb3_bin DEFAULT '',
  PRIMARY KEY (`ID_`)
) ENGINE=InnoDB DEFAULT CHARSET=utf8mb3 COLLATE=utf8mb3_bin;
/*!40101 SET character_set_client = @saved_cs_client */;

--
-- Dumping data for table `flw_ru_batch`
--

LOCK TABLES `flw_ru_batch` WRITE;
/*!40000 ALTER TABLE `flw_ru_batch` DISABLE KEYS */;
/*!40000 ALTER TABLE `flw_ru_batch` ENABLE KEYS */;
UNLOCK TABLES;

--
-- Table structure for table `flw_ru_batch_part`
--

DROP TABLE IF EXISTS `flw_ru_batch_part`;
/*!40101 SET @saved_cs_client     = @@character_set_client */;
/*!50503 SET character_set_client = utf8mb4 */;
CREATE TABLE `flw_ru_batch_part` (
  `ID_` varchar(64) COLLATE utf8mb3_bin NOT NULL,
  `REV_` int DEFAULT NULL,
  `BATCH_ID_` varchar(64) COLLATE utf8mb3_bin DEFAULT NULL,
  `TYPE_` varchar(64) COLLATE utf8mb3_bin NOT NULL,
  `SCOPE_ID_` varchar(64) COLLATE utf8mb3_bin DEFAULT NULL,
  `SUB_SCOPE_ID_` varchar(64) COLLATE utf8mb3_bin DEFAULT NULL,
  `SCOPE_TYPE_` varchar(64) COLLATE utf8mb3_bin DEFAULT NULL,
  `SEARCH_KEY_` varchar(255) COLLATE utf8mb3_bin DEFAULT NULL,
  `SEARCH_KEY2_` varchar(255) COLLATE utf8mb3_bin DEFAULT NULL,
  `CREATE_TIME_` datetime(3) NOT NULL,
  `COMPLETE_TIME_` datetime(3) DEFAULT NULL,
  `STATUS_` varchar(255) COLLATE utf8mb3_bin DEFAULT NULL,
  `RESULT_DOC_ID_` varchar(64) COLLATE utf8mb3_bin DEFAULT NULL,
  `TENANT_ID_` varchar(255) COLLATE utf8mb3_bin DEFAULT '',
  PRIMARY KEY (`ID_`),
  KEY `FLW_IDX_BATCH_PART` (`BATCH_ID_`),
  CONSTRAINT `FLW_FK_BATCH_PART_PARENT` FOREIGN KEY (`BATCH_ID_`) REFERENCES `flw_ru_batch` (`ID_`)
) ENGINE=InnoDB DEFAULT CHARSET=utf8mb3 COLLATE=utf8mb3_bin;
/*!40101 SET character_set_client = @saved_cs_client */;

--
-- Dumping data for table `flw_ru_batch_part`
--

LOCK TABLES `flw_ru_batch_part` WRITE;
/*!40000 ALTER TABLE `flw_ru_batch_part` DISABLE KEYS */;
/*!40000 ALTER TABLE `flw_ru_batch_part` ENABLE KEYS */;
UNLOCK TABLES;

--
-- Table structure for table `gen_table`
--

DROP TABLE IF EXISTS `gen_table`;
/*!40101 SET @saved_cs_client     = @@character_set_client */;
/*!50503 SET character_set_client = utf8mb4 */;
CREATE TABLE `gen_table` (
  `table_id` bigint NOT NULL AUTO_INCREMENT COMMENT '',
  `table_name` varchar(200) CHARACTER SET utf8mb4 COLLATE utf8mb4_0900_ai_ci DEFAULT '' COMMENT '',
  `table_comment` varchar(500) CHARACTER SET utf8mb4 COLLATE utf8mb4_0900_ai_ci DEFAULT '' COMMENT '',
  `sub_table_name` varchar(64) CHARACTER SET utf8mb4 COLLATE utf8mb4_0900_ai_ci DEFAULT NULL COMMENT '',
  `sub_table_fk_name` varchar(64) CHARACTER SET utf8mb4 COLLATE utf8mb4_0900_ai_ci DEFAULT NULL COMMENT '',
  `class_name` varchar(100) CHARACTER SET utf8mb4 COLLATE utf8mb4_0900_ai_ci DEFAULT '' COMMENT '',
  `tpl_category` varchar(200) CHARACTER SET utf8mb4 COLLATE utf8mb4_0900_ai_ci DEFAULT 'crud' COMMENT 'crud tree',
  `package_name` varchar(100) CHARACTER SET utf8mb4 COLLATE utf8mb4_0900_ai_ci DEFAULT NULL COMMENT '',
  `module_name` varchar(30) CHARACTER SET utf8mb4 COLLATE utf8mb4_0900_ai_ci DEFAULT NULL COMMENT '',
  `business_name` varchar(30) CHARACTER SET utf8mb4 COLLATE utf8mb4_0900_ai_ci DEFAULT NULL COMMENT '',
  `function_name` varchar(50) CHARACTER SET utf8mb4 COLLATE utf8mb4_0900_ai_ci DEFAULT NULL COMMENT '',
  `function_author` varchar(50) CHARACTER SET utf8mb4 COLLATE utf8mb4_0900_ai_ci DEFAULT NULL COMMENT '',
  `gen_type` char(1) CHARACTER SET utf8mb4 COLLATE utf8mb4_0900_ai_ci DEFAULT '0' COMMENT '0zip 1',
  `gen_path` varchar(200) CHARACTER SET utf8mb4 COLLATE utf8mb4_0900_ai_ci DEFAULT '/' COMMENT '',
  `options` varchar(1000) CHARACTER SET utf8mb4 COLLATE utf8mb4_0900_ai_ci DEFAULT NULL COMMENT '',
  `create_by` varchar(64) CHARACTER SET utf8mb4 COLLATE utf8mb4_0900_ai_ci DEFAULT '' COMMENT '',
  `create_time` datetime DEFAULT NULL COMMENT '',
  `update_by` varchar(64) CHARACTER SET utf8mb4 COLLATE utf8mb4_0900_ai_ci DEFAULT '' COMMENT '',
  `update_time` datetime DEFAULT NULL COMMENT '',
  `remark` varchar(500) CHARACTER SET utf8mb4 COLLATE utf8mb4_0900_ai_ci DEFAULT NULL COMMENT '',
  PRIMARY KEY (`table_id`) USING BTREE
) ENGINE=InnoDB AUTO_INCREMENT=4 DEFAULT CHARSET=utf8mb4 COLLATE=utf8mb4_0900_ai_ci ROW_FORMAT=DYNAMIC COMMENT='';
/*!40101 SET character_set_client = @saved_cs_client */;

--
-- Dumping data for table `gen_table`
--

LOCK TABLES `gen_table` WRITE;
/*!40000 ALTER TABLE `gen_table` DISABLE KEYS */;
INSERT INTO `gen_table` VALUES (1,'sys_attachment','',NULL,NULL,'SysAttachment','crud','com.alphay.boot.attachment','attachment','attachment','','d3code','0','/','{\"parentMenuId\":1}','admin','2023-10-12 21:35:36','','2023-10-12 21:37:55',NULL),(2,'sys_oss_bucket','',NULL,NULL,'SysOssBucket','crud','com.alphay.boot.attachment','bucket','bucket','','d3code','0','/','{\"parentMenuId\":2027}','admin','2023-10-13 22:59:32','','2023-10-13 23:04:42',NULL),(3,'sys_oss_config','OSS',NULL,NULL,'SysOssConfig','crud','com.alphay.boot.attachment','oss','oss_config','','d3code','0','/','{\"parentMenuId\":2027}','admin','2023-10-13 22:59:32','','2023-10-13 23:02:52',NULL);
/*!40000 ALTER TABLE `gen_table` ENABLE KEYS */;
UNLOCK TABLES;

--
-- Table structure for table `gen_table_column`
--

DROP TABLE IF EXISTS `gen_table_column`;
/*!40101 SET @saved_cs_client     = @@character_set_client */;
/*!50503 SET character_set_client = utf8mb4 */;
CREATE TABLE `gen_table_column` (
  `column_id` bigint NOT NULL AUTO_INCREMENT COMMENT '',
  `table_id` varchar(64) CHARACTER SET utf8mb4 COLLATE utf8mb4_0900_ai_ci DEFAULT NULL COMMENT '',
  `column_name` varchar(200) CHARACTER SET utf8mb4 COLLATE utf8mb4_0900_ai_ci DEFAULT NULL COMMENT '',
  `column_comment` varchar(500) CHARACTER SET utf8mb4 COLLATE utf8mb4_0900_ai_ci DEFAULT NULL COMMENT '',
  `column_type` varchar(100) CHARACTER SET utf8mb4 COLLATE utf8mb4_0900_ai_ci DEFAULT NULL COMMENT '',
  `java_type` varchar(500) CHARACTER SET utf8mb4 COLLATE utf8mb4_0900_ai_ci DEFAULT NULL COMMENT 'JAVA',
  `java_field` varchar(200) CHARACTER SET utf8mb4 COLLATE utf8mb4_0900_ai_ci DEFAULT NULL COMMENT 'JAVA',
  `is_pk` char(1) CHARACTER SET utf8mb4 COLLATE utf8mb4_0900_ai_ci DEFAULT NULL COMMENT '1',
  `is_increment` char(1) CHARACTER SET utf8mb4 COLLATE utf8mb4_0900_ai_ci DEFAULT NULL COMMENT '1',
  `is_required` char(1) CHARACTER SET utf8mb4 COLLATE utf8mb4_0900_ai_ci DEFAULT NULL COMMENT '1',
  `is_insert` char(1) CHARACTER SET utf8mb4 COLLATE utf8mb4_0900_ai_ci DEFAULT NULL COMMENT '1',
  `is_edit` char(1) CHARACTER SET utf8mb4 COLLATE utf8mb4_0900_ai_ci DEFAULT NULL COMMENT '1',
  `is_list` char(1) CHARACTER SET utf8mb4 COLLATE utf8mb4_0900_ai_ci DEFAULT NULL COMMENT '1',
  `is_query` char(1) CHARACTER SET utf8mb4 COLLATE utf8mb4_0900_ai_ci DEFAULT NULL COMMENT '1',
  `query_type` varchar(200) CHARACTER SET utf8mb4 COLLATE utf8mb4_0900_ai_ci DEFAULT 'EQ' COMMENT '',
  `html_type` varchar(200) CHARACTER SET utf8mb4 COLLATE utf8mb4_0900_ai_ci DEFAULT NULL COMMENT '',
  `dict_type` varchar(200) CHARACTER SET utf8mb4 COLLATE utf8mb4_0900_ai_ci DEFAULT '' COMMENT '',
  `sort` int DEFAULT NULL COMMENT '',
  `create_by` varchar(64) CHARACTER SET utf8mb4 COLLATE utf8mb4_0900_ai_ci DEFAULT '' COMMENT '',
  `create_time` datetime DEFAULT NULL COMMENT '',
  `update_by` varchar(64) CHARACTER SET utf8mb4 COLLATE utf8mb4_0900_ai_ci DEFAULT '' COMMENT '',
  `update_time` datetime DEFAULT NULL COMMENT '',
  PRIMARY KEY (`column_id`) USING BTREE
) ENGINE=InnoDB AUTO_INCREMENT=31 DEFAULT CHARSET=utf8mb4 COLLATE=utf8mb4_0900_ai_ci ROW_FORMAT=DYNAMIC COMMENT='';
/*!40101 SET character_set_client = @saved_cs_client */;

--
-- Dumping data for table `gen_table_column`
--

LOCK TABLES `gen_table_column` WRITE;
/*!40000 ALTER TABLE `gen_table_column` DISABLE KEYS */;
INSERT INTO `gen_table_column` VALUES (1,'1','id','','int','Long','id','1','1',NULL,'1',NULL,NULL,NULL,'EQ','input','',1,'admin','2023-10-12 21:35:36','','2023-10-12 21:37:55'),(2,'1','create_time',NULL,'datetime','Date','createTime','0','0',NULL,'1',NULL,NULL,NULL,'EQ','datetime','',2,'admin','2023-10-12 21:35:36','','2023-10-12 21:37:55'),(3,'1','create_by','','varchar(30)','String','createBy','0','0',NULL,'1',NULL,'1','1','EQ','input','',3,'admin','2023-10-12 21:35:36','','2023-10-12 21:37:55'),(4,'1','update_time',NULL,'datetime','Date','updateTime','0','0',NULL,'1','1',NULL,NULL,'EQ','datetime','',4,'admin','2023-10-12 21:35:36','','2023-10-12 21:37:55'),(5,'1','update_by',NULL,'varchar(30)','String','updateBy','0','0',NULL,'1','1',NULL,NULL,'EQ','input','',5,'admin','2023-10-12 21:35:36','','2023-10-12 21:37:55'),(6,'1','deleted',NULL,'tinyint','Long','deleted','0','0',NULL,'1',NULL,NULL,NULL,'EQ','input','',6,'admin','2023-10-12 21:35:36','','2023-10-12 21:37:55'),(7,'1','name','','varchar(255)','String','name','0','0',NULL,'1','1','1','1','LIKE','input','',7,'admin','2023-10-12 21:35:36','','2023-10-12 21:37:55'),(8,'1','storage_type','','varchar(30)','String','storageType','0','0',NULL,'1','1','1','1','EQ','select','',8,'admin','2023-10-12 21:35:36','','2023-10-12 21:37:55'),(9,'1','path','','varchar(1000)','String','path','0','0',NULL,'1','1','1','0','EQ','textarea','',9,'admin','2023-10-12 21:35:36','','2023-10-12 21:37:55'),(10,'1','remark','','varchar(255)','String','remark','0','0',NULL,'1','1','1',NULL,'EQ','input','',10,'admin','2023-10-12 21:35:36','','2023-10-12 21:37:55'),(11,'2','id','','int','Long','id','1','1',NULL,'1',NULL,NULL,NULL,'EQ','input','',1,'admin','2023-10-13 22:59:32','','2023-10-13 23:04:42'),(12,'2','create_time',NULL,'datetime','Date','createTime','0','0',NULL,'1',NULL,NULL,NULL,'EQ','datetime','',2,'admin','2023-10-13 22:59:32','','2023-10-13 23:04:42'),(13,'2','create_by',NULL,'varchar(30)','String','createBy','0','0',NULL,'1',NULL,NULL,NULL,'EQ','input','',3,'admin','2023-10-13 22:59:32','','2023-10-13 23:04:42'),(14,'2','update_time',NULL,'datetime','Date','updateTime','0','0',NULL,'1','1',NULL,NULL,'EQ','datetime','',4,'admin','2023-10-13 22:59:32','','2023-10-13 23:04:42'),(15,'2','update_by',NULL,'varchar(30)','String','updateBy','0','0',NULL,'1','1',NULL,NULL,'EQ','input','',5,'admin','2023-10-13 22:59:32','','2023-10-13 23:04:42'),(16,'2','deleted',NULL,'tinyint','Long','deleted','0','0',NULL,'1',NULL,NULL,NULL,'EQ','input','',6,'admin','2023-10-13 22:59:32','','2023-10-13 23:04:42'),(17,'2','oss_config_id','','int','Long','ossConfigId','0','0',NULL,'1','1','1','0','EQ','input','',7,'admin','2023-10-13 22:59:32','','2023-10-13 23:04:42'),(18,'2','bucket','','varchar(100)','String','bucket','0','0',NULL,'1','1','1','0','EQ','input','',8,'admin','2023-10-13 22:59:32','','2023-10-13 23:04:42'),(19,'2','p_id','','int','Long','pId','0','0',NULL,'1','1','1','0','EQ','input','',9,'admin','2023-10-13 22:59:32','','2023-10-13 23:04:42'),(20,'2','remark','','varchar(255)','String','remark','0','0',NULL,'1','1','1',NULL,'EQ','input','',10,'admin','2023-10-13 22:59:32','','2023-10-13 23:04:42'),(21,'3','id','','int','Long','id','1','1',NULL,'1',NULL,NULL,NULL,'EQ','input','',1,'admin','2023-10-13 22:59:32','','2023-10-13 23:02:52'),(22,'3','create_time',NULL,'datetime','Date','createTime','0','0',NULL,'1',NULL,NULL,NULL,'EQ','datetime','',2,'admin','2023-10-13 22:59:32','','2023-10-13 23:02:52'),(23,'3','create_by',NULL,'varchar(30)','String','createBy','0','0',NULL,'1',NULL,NULL,NULL,'EQ','input','',3,'admin','2023-10-13 22:59:32','','2023-10-13 23:02:52'),(24,'3','update_time',NULL,'datetime','Date','updateTime','0','0',NULL,'1','1',NULL,NULL,'EQ','datetime','',4,'admin','2023-10-13 22:59:32','','2023-10-13 23:02:52'),(25,'3','update_by',NULL,'varchar(30)','String','updateBy','0','0',NULL,'1','1',NULL,NULL,'EQ','input','',5,'admin','2023-10-13 22:59:32','','2023-10-13 23:02:52'),(26,'3','deleted',NULL,'tinyint','Long','deleted','0','0',NULL,'1',NULL,NULL,NULL,'EQ','input','',6,'admin','2023-10-13 22:59:32','','2023-10-13 23:02:52'),(27,'3','name','','varchar(30)','String','name','0','0',NULL,'1','1','1','1','LIKE','input','',7,'admin','2023-10-13 22:59:32','','2023-10-13 23:02:52'),(28,'3','oss_type','','varchar(30)','String','ossType','0','0',NULL,'1','1','1','1','EQ','select','',8,'admin','2023-10-13 22:59:32','','2023-10-13 23:02:52'),(29,'3','config','','varchar(1000)','String','config','0','0',NULL,'0','0','0','0','EQ','textarea','',9,'admin','2023-10-13 22:59:32','','2023-10-13 23:02:52'),(30,'3','remark','','varchar(255)','String','remark','0','0',NULL,'1','1','1',NULL,'EQ','input','',10,'admin','2023-10-13 22:59:32','','2023-10-13 23:02:52');
/*!40000 ALTER TABLE `gen_table_column` ENABLE KEYS */;
UNLOCK TABLES;

--
-- Table structure for table `sys_attachment`
--

DROP TABLE IF EXISTS `sys_attachment`;
/*!40101 SET @saved_cs_client     = @@character_set_client */;
/*!50503 SET character_set_client = utf8mb4 */;
CREATE TABLE `sys_attachment` (
  `id` int NOT NULL AUTO_INCREMENT,
  `create_time` datetime DEFAULT NULL,
  `create_by` varchar(30) DEFAULT NULL,
  `update_time` datetime DEFAULT NULL,
  `update_by` varchar(30) DEFAULT NULL,
  `deleted` tinyint DEFAULT NULL,
  `name` varchar(255) DEFAULT NULL,
  `storage_type` varchar(30) DEFAULT NULL,
  `path` varchar(1000) DEFAULT NULL,
  `url` varchar(1000) CHARACTER SET utf8mb4 COLLATE utf8mb4_0900_ai_ci DEFAULT NULL,
  `config_id` int DEFAULT NULL,
  `bucket_name` varchar(30) DEFAULT NULL,
  `remark` varchar(255) DEFAULT NULL,
  `extension` varchar(30) DEFAULT NULL,
  PRIMARY KEY (`id`)
) ENGINE=InnoDB AUTO_INCREMENT=6 DEFAULT CHARSET=utf8mb4 COLLATE=utf8mb4_0900_ai_ci;
/*!40101 SET character_set_client = @saved_cs_client */;

--
-- Dumping data for table `sys_attachment`
--

LOCK TABLES `sys_attachment` WRITE;
/*!40000 ALTER TABLE `sys_attachment` DISABLE KEYS */;
INSERT INTO `sys_attachment` VALUES (1,'2023-10-15 20:58:54',NULL,NULL,NULL,0,'_20231011171447.png','tencent_cos','2023/10/15/d07be5bb-e953-4d9f-9025-9a7aaf86c2b4_20231015205853A001.png','https://default-1319610221.cos.ap-shanghai.myqcloud.com/2023/10/15/d07be5bb-e953-4d9f-9025-9a7aaf86c2b4_20231015205853A001.png',3,NULL,NULL,NULL),(2,'2023-10-15 21:11:09',NULL,NULL,NULL,0,'_20231011171447.png','tencent_cos','2023/10/15/84cde012-d258-4dfb-ad17-99361e0e77a7_20231015211108A001.png','https://default-1319610221.cos.ap-shanghai.myqcloud.com/2023/10/15/84cde012-d258-4dfb-ad17-99361e0e77a7_20231015211108A001.png',3,NULL,NULL,NULL),(3,'2023-10-20 15:36:18',NULL,NULL,NULL,0,'_20231011171447','LOCAL','2023/10/20/548a2093-dce4-4d20-a043-9b87d3836bdf_20231020153617A001.png','/profile/2023/10/20/548a2093-dce4-4d20-a043-9b87d3836bdf_20231020153617A001.png',4,'/',NULL,'png'),(4,'2023-10-20 16:50:58',NULL,'2023-10-20 20:00:34',NULL,1,'_20231011171447','LOCAL','2023/10/20/7bc57b0b-35ea-435d-a8e1-59183577d046_20231020165057A001.png','/profile/2023/10/20/7bc57b0b-35ea-435d-a8e1-59183577d046_20231020165057A001.png',4,'/',NULL,'png'),(5,'2023-10-20 16:54:21',NULL,'2023-10-20 19:55:44',NULL,1,'_20231011171447','LOCAL','2023/10/20/752c7034-efce-4114-b4c0-e9dd25a2d7c7_20231020165421A001.png','/profile/2023/10/20/752c7034-efce-4114-b4c0-e9dd25a2d7c7_20231020165421A001.png',4,'/',NULL,'png');
/*!40000 ALTER TABLE `sys_attachment` ENABLE KEYS */;
UNLOCK TABLES;

--
-- Table structure for table `sys_config`
--

DROP TABLE IF EXISTS `sys_config`;
/*!40101 SET @saved_cs_client     = @@character_set_client */;
/*!50503 SET character_set_client = utf8mb4 */;
CREATE TABLE `sys_config` (
  `config_id` int NOT NULL AUTO_INCREMENT COMMENT '',
  `config_name` varchar(100) CHARACTER SET utf8mb4 COLLATE utf8mb4_0900_ai_ci DEFAULT '' COMMENT '',
  `config_key` varchar(100) CHARACTER SET utf8mb4 COLLATE utf8mb4_0900_ai_ci DEFAULT '' COMMENT '',
  `config_value` varchar(500) CHARACTER SET utf8mb4 COLLATE utf8mb4_0900_ai_ci DEFAULT '' COMMENT '',
  `config_type` char(1) CHARACTER SET utf8mb4 COLLATE utf8mb4_0900_ai_ci DEFAULT 'N' COMMENT 'Y N',
  `create_by` varchar(64) CHARACTER SET utf8mb4 COLLATE utf8mb4_0900_ai_ci DEFAULT '' COMMENT '',
  `create_time` datetime DEFAULT NULL COMMENT '',
  `update_by` varchar(64) CHARACTER SET utf8mb4 COLLATE utf8mb4_0900_ai_ci DEFAULT '' COMMENT '',
  `update_time` datetime DEFAULT NULL COMMENT '',
  `remark` varchar(500) CHARACTER SET utf8mb4 COLLATE utf8mb4_0900_ai_ci DEFAULT NULL COMMENT '',
  `deleted` tinyint DEFAULT NULL,
  PRIMARY KEY (`config_id`) USING BTREE
) ENGINE=InnoDB AUTO_INCREMENT=101 DEFAULT CHARSET=utf8mb4 COLLATE=utf8mb4_0900_ai_ci ROW_FORMAT=DYNAMIC COMMENT='';
/*!40101 SET character_set_client = @saved_cs_client */;

--
-- Dumping data for table `sys_config`
--

LOCK TABLES `sys_config` WRITE;
/*!40000 ALTER TABLE `sys_config` DISABLE KEYS */;
INSERT INTO `sys_config` VALUES (1,'-','sys.user.initPassword','123456','Y','admin','2023-05-19 13:04:00','','2023-05-19 13:04:00',' 123456',0),(2,'-','sys.account.captchaEnabled','true','Y','admin','2023-05-19 13:04:00','admin','2023-05-19 13:04:00','truefalse',0),(3,'-','sys.account.registerUser','true','Y','admin','2023-05-19 13:04:00','admin','2023-05-19 13:04:00','truefalse',0),(4,'','sys.theme.setting','{\n            \"topNav\":false,\n            \"tagsView\":true,\n            \"fixedHeader\":true,\n            \"sidebarLogo\":true,\n            \"dynamicTitle\":true,\n            \"sideTheme\":\"theme-light\",\n            \"theme\":\"#F53C0D\"\n          }','Y','admin','2023-05-19 13:04:00','admin','2023-05-19 13:04:00',NULL,0);
/*!40000 ALTER TABLE `sys_config` ENABLE KEYS */;
UNLOCK TABLES;

--
-- Table structure for table `sys_dept`
--

DROP TABLE IF EXISTS `sys_dept`;
/*!40101 SET @saved_cs_client     = @@character_set_client */;
/*!50503 SET character_set_client = utf8mb4 */;
CREATE TABLE `sys_dept` (
  `dept_id` bigint NOT NULL AUTO_INCREMENT COMMENT 'id',
  `parent_id` bigint DEFAULT '0' COMMENT 'id',
  `ancestors` varchar(50) CHARACTER SET utf8mb4 COLLATE utf8mb4_0900_ai_ci DEFAULT '' COMMENT '',
  `dept_name` varchar(30) CHARACTER SET utf8mb4 COLLATE utf8mb4_0900_ai_ci DEFAULT '' COMMENT '',
  `order_num` int DEFAULT '0' COMMENT '',
  `leader_user_id` int DEFAULT NULL COMMENT '',
  `status` char(1) CHARACTER SET utf8mb4 COLLATE utf8mb4_0900_ai_ci DEFAULT '0' COMMENT '0 1',
  `deleted` tinyint DEFAULT '0' COMMENT '0 2',
  `create_by` varchar(64) CHARACTER SET utf8mb4 COLLATE utf8mb4_0900_ai_ci DEFAULT '' COMMENT '',
  `create_time` datetime DEFAULT NULL COMMENT '',
  `update_by` varchar(64) CHARACTER SET utf8mb4 COLLATE utf8mb4_0900_ai_ci DEFAULT '' COMMENT '',
  `update_time` datetime DEFAULT NULL COMMENT '',
  `remark` varchar(255) CHARACTER SET utf8mb4 COLLATE utf8mb4_0900_ai_ci DEFAULT NULL,
  PRIMARY KEY (`dept_id`) USING BTREE
) ENGINE=InnoDB AUTO_INCREMENT=201 DEFAULT CHARSET=utf8mb4 COLLATE=utf8mb4_0900_ai_ci ROW_FORMAT=DYNAMIC COMMENT='';
/*!40101 SET character_set_client = @saved_cs_client */;

--
-- Dumping data for table `sys_dept`
--

LOCK TABLES `sys_dept` WRITE;
/*!40000 ALTER TABLE `sys_dept` DISABLE KEYS */;
INSERT INTO `sys_dept` VALUES (100,0,'0','',0,1,'0',0,'admin','2023-05-19 13:04:00','',NULL,NULL),(101,100,'0,100','',1,1,'0',0,'admin','2023-05-19 13:04:00','',NULL,NULL),(102,100,'0,100','',2,1,'0',0,'admin','2023-05-19 13:04:00','',NULL,NULL),(103,101,'0,100,101','',1,NULL,'0',0,'admin','2023-05-19 13:04:00','admin','2023-10-24 13:40:23',NULL),(104,101,'0,100,101','',2,1,'0',0,'admin','2023-05-19 13:04:00','',NULL,NULL),(105,101,'0,100,101','',3,1,'0',0,'admin','2023-05-19 13:04:00','',NULL,NULL),(106,101,'0,100,101','',4,1,'0',0,'admin','2023-05-19 13:04:00','',NULL,NULL),(107,101,'0,100,101','',5,1,'0',0,'admin','2023-05-19 13:04:00','',NULL,NULL),(108,102,'0,100,102','',1,1,'0',0,'admin','2023-05-19 13:04:00','',NULL,NULL),(109,102,'0,100,102','',2,1,'0',0,'admin','2023-05-19 13:04:00','',NULL,NULL),(200,100,'0,100','',3,NULL,'0',1,'admin','2023-05-20 11:50:27','','2023-10-13 21:11:31',NULL);
/*!40000 ALTER TABLE `sys_dept` ENABLE KEYS */;
UNLOCK TABLES;

--
-- Table structure for table `sys_dict_data`
--

DROP TABLE IF EXISTS `sys_dict_data`;
/*!40101 SET @saved_cs_client     = @@character_set_client */;
/*!50503 SET character_set_client = utf8mb4 */;
CREATE TABLE `sys_dict_data` (
  `dict_code` bigint NOT NULL AUTO_INCREMENT COMMENT '',
  `dict_sort` int DEFAULT '0' COMMENT '',
  `dict_label` varchar(100) CHARACTER SET utf8mb4 COLLATE utf8mb4_0900_ai_ci DEFAULT '' COMMENT '',
  `dict_value` varchar(100) CHARACTER SET utf8mb4 COLLATE utf8mb4_0900_ai_ci DEFAULT '' COMMENT '',
  `dict_type` varchar(100) CHARACTER SET utf8mb4 COLLATE utf8mb4_0900_ai_ci DEFAULT '' COMMENT '',
  `css_class` varchar(100) CHARACTER SET utf8mb4 COLLATE utf8mb4_0900_ai_ci DEFAULT NULL COMMENT '',
  `list_class` varchar(100) CHARACTER SET utf8mb4 COLLATE utf8mb4_0900_ai_ci DEFAULT NULL COMMENT '',
  `is_default` char(1) CHARACTER SET utf8mb4 COLLATE utf8mb4_0900_ai_ci DEFAULT 'N' COMMENT 'Y N',
  `status` char(1) CHARACTER SET utf8mb4 COLLATE utf8mb4_0900_ai_ci DEFAULT '0' COMMENT '0 1',
  `create_by` varchar(64) CHARACTER SET utf8mb4 COLLATE utf8mb4_0900_ai_ci DEFAULT '' COMMENT '',
  `create_time` datetime DEFAULT NULL COMMENT '',
  `update_by` varchar(64) CHARACTER SET utf8mb4 COLLATE utf8mb4_0900_ai_ci DEFAULT '' COMMENT '',
  `update_time` datetime DEFAULT NULL COMMENT '',
  `deleted` tinyint DEFAULT NULL,
  `remark` varchar(500) CHARACTER SET utf8mb4 COLLATE utf8mb4_0900_ai_ci DEFAULT NULL COMMENT '',
  PRIMARY KEY (`dict_code`) USING BTREE
) ENGINE=InnoDB AUTO_INCREMENT=104 DEFAULT CHARSET=utf8mb4 COLLATE=utf8mb4_0900_ai_ci ROW_FORMAT=DYNAMIC COMMENT='';
/*!40101 SET character_set_client = @saved_cs_client */;

--
-- Dumping data for table `sys_dict_data`
--

LOCK TABLES `sys_dict_data` WRITE;
/*!40000 ALTER TABLE `sys_dict_data` DISABLE KEYS */;
INSERT INTO `sys_dict_data` VALUES (1,1,'','0','sys_user_sex','','','Y','0','admin','2023-05-19 13:04:00','',NULL,0,''),(2,2,'','1','sys_user_sex','','','N','0','admin','2023-05-19 13:04:00','',NULL,0,''),(3,3,'','2','sys_user_sex','','','N','0','admin','2023-05-19 13:04:00','',NULL,0,''),(4,1,'','0','sys_show_hide','','primary','Y','0','admin','2023-05-19 13:04:00','',NULL,0,''),(5,2,'','1','sys_show_hide','','danger','N','0','admin','2023-05-19 13:04:00','',NULL,0,''),(6,1,'','0','sys_normal_disable','','primary','Y','0','admin','2023-05-19 13:04:00','',NULL,0,''),(7,2,'','1','sys_normal_disable','','danger','N','0','admin','2023-05-19 13:04:00','',NULL,0,''),(8,1,'','0','sys_job_status','','primary','Y','0','admin','2023-05-19 13:04:00','',NULL,0,''),(9,2,'','1','sys_job_status','','danger','N','0','admin','2023-05-19 13:04:00','',NULL,0,''),(10,1,'','DEFAULT','sys_job_group','','','Y','0','admin','2023-05-19 13:04:00','',NULL,0,''),(11,2,'','SYSTEM','sys_job_group','','','N','0','admin','2023-05-19 13:04:00','',NULL,0,''),(12,1,'','Y','sys_yes_no','','primary','Y','0','admin','2023-05-19 13:04:00','',NULL,0,''),(13,2,'','N','sys_yes_no','','danger','N','0','admin','2023-05-19 13:04:00','',NULL,0,''),(14,1,'','1','sys_notice_type','','warning','Y','0','admin','2023-05-19 13:04:00','',NULL,0,''),(15,2,'','2','sys_notice_type','','success','N','0','admin','2023-05-19 13:04:00','',NULL,0,''),(16,1,'','0','sys_notice_status','','primary','Y','0','admin','2023-05-19 13:04:00','',NULL,0,''),(17,2,'','1','sys_notice_status','','danger','N','0','admin','2023-05-19 13:04:00','',NULL,0,''),(18,99,'','0','sys_oper_type','','info','N','0','admin','2023-05-19 13:04:00','',NULL,0,''),(19,1,'','1','sys_oper_type','','info','N','0','admin','2023-05-19 13:04:00','',NULL,0,''),(20,2,'','2','sys_oper_type','','info','N','0','admin','2023-05-19 13:04:00','',NULL,0,''),(21,3,'','3','sys_oper_type','','danger','N','0','admin','2023-05-19 13:04:00','',NULL,0,''),(22,4,'','4','sys_oper_type','','primary','N','0','admin','2023-05-19 13:04:00','',NULL,0,''),(23,5,'','5','sys_oper_type','','warning','N','0','admin','2023-05-19 13:04:00','',NULL,0,''),(24,6,'','6','sys_oper_type','','warning','N','0','admin','2023-05-19 13:04:00','',NULL,0,''),(25,7,'','7','sys_oper_type','','danger','N','0','admin','2023-05-19 13:04:00','',NULL,0,''),(26,8,'','8','sys_oper_type','','warning','N','0','admin','2023-05-19 13:04:00','',NULL,0,''),(27,9,'','9','sys_oper_type','','danger','N','0','admin','2023-05-19 13:04:00','',NULL,0,''),(28,1,'','0','sys_common_status','','primary','N','0','admin','2023-05-19 13:04:00','',NULL,0,''),(29,2,'','1','sys_common_status','','danger','N','0','admin','2023-05-19 13:04:00','',NULL,0,''),(30,0,'','0','bpm_model_category',NULL,'primary','Y','0','admin','2023-05-19 13:04:00','',NULL,0,' - '),(31,1,'OA','1','bpm_model_category',NULL,'danger','N','0','admin','2023-05-19 13:04:00','',NULL,0,' - OA'),(32,3,'','21','bpm_task_assign_script',NULL,'default','N','0','admin','2023-05-19 13:04:00','',NULL,0,' - '),(33,2,'','20','bpm_task_assign_script',NULL,'default','N','0','admin','2023-05-19 13:04:00','',NULL,0,' - '),(34,1,'','10','bpm_task_assign_script',NULL,'default','N','0','admin','2023-05-19 13:04:00','',NULL,0,' - '),(35,1,'','10','bpm_task_assign_rule_type',NULL,'info','N','0','admin','2023-05-19 13:04:00','',NULL,0,' - '),(36,2,'','20','bpm_task_assign_rule_type',NULL,'primary','N','0','admin','2023-05-19 13:04:00','',NULL,0,' - '),(37,3,'','21','bpm_task_assign_rule_type',NULL,'primary','N','0','admin','2023-05-19 13:04:00','',NULL,0,' - '),(38,4,'','22','bpm_task_assign_rule_type',NULL,'success','N','0','admin','2023-05-19 13:04:00','',NULL,0,' - '),(39,5,'','30','bpm_task_assign_rule_type',NULL,'info','N','0','admin','2023-05-19 13:04:00','',NULL,0,' - '),(40,6,'','40','bpm_task_assign_rule_type',NULL,'warning','N','0','admin','2023-05-19 13:04:00','',NULL,0,' - '),(41,7,'','50','bpm_task_assign_rule_type',NULL,'danger','N','0','admin','2023-05-19 13:04:00','',NULL,0,' - '),(42,1,'','10','bpm_model_form_type',NULL,'default','N','0','admin','2023-05-19 13:04:00','',NULL,0,' - '),(43,2,'','20','bpm_model_form_type',NULL,'default','N','0','admin','2023-05-19 13:04:00','',NULL,0,' - '),(44,0,'','1','bpm_process_instance_result',NULL,'primary','N','0','admin','2023-05-19 13:04:00','',NULL,0,' - '),(45,2,'','2','bpm_process_instance_result',NULL,'success','N','0','admin','2023-05-19 13:04:00','',NULL,0,' - '),(46,3,'','3','bpm_process_instance_result',NULL,'danger','N','0','admin','2023-05-19 13:04:00','',NULL,0,' - '),(47,4,'','4','bpm_process_instance_result',NULL,'info','N','0','admin','2023-05-19 13:04:00','',NULL,0,' - '),(48,1,'','1','bpm_process_instance_status',NULL,'primary','N','0','admin','2023-05-19 13:04:00','',NULL,0,' - '),(49,2,'','2','bpm_process_instance_status',NULL,'success','N','0','admin','2023-05-19 13:04:00','',NULL,0,' - '),(100,0,'','local','storage_type',NULL,'info','N','0','admin','2023-10-14 07:53:24','admin','2023-10-14 07:54:39',0,NULL),(101,1,'S3','amazon_s3','storage_type',NULL,'success','N','0','admin','2023-10-14 07:54:05','',NULL,0,NULL),(102,2,'OSS','aliyun_oss','storage_type',NULL,'primary','N','0','admin','2023-10-14 07:54:24','',NULL,0,NULL),(103,3,'COS','tencent_cos','storage_type',NULL,'danger','N','0','admin','2023-10-14 11:37:02','admin','2023-10-14 11:38:31',0,NULL);
/*!40000 ALTER TABLE `sys_dict_data` ENABLE KEYS */;
UNLOCK TABLES;

--
-- Table structure for table `sys_dict_type`
--

DROP TABLE IF EXISTS `sys_dict_type`;
/*!40101 SET @saved_cs_client     = @@character_set_client */;
/*!50503 SET character_set_client = utf8mb4 */;
CREATE TABLE `sys_dict_type` (
  `dict_id` bigint NOT NULL AUTO_INCREMENT COMMENT '',
  `dict_name` varchar(100) CHARACTER SET utf8mb4 COLLATE utf8mb4_0900_ai_ci DEFAULT '' COMMENT '',
  `dict_type` varchar(100) CHARACTER SET utf8mb4 COLLATE utf8mb4_0900_ai_ci DEFAULT '' COMMENT '',
  `status` char(1) CHARACTER SET utf8mb4 COLLATE utf8mb4_0900_ai_ci DEFAULT '0' COMMENT '0 1',
  `create_by` varchar(64) CHARACTER SET utf8mb4 COLLATE utf8mb4_0900_ai_ci DEFAULT '' COMMENT '',
  `create_time` datetime DEFAULT NULL COMMENT '',
  `update_by` varchar(64) CHARACTER SET utf8mb4 COLLATE utf8mb4_0900_ai_ci DEFAULT '' COMMENT '',
  `update_time` datetime DEFAULT NULL COMMENT '',
  `deleted` tinyint DEFAULT NULL,
  `remark` varchar(500) CHARACTER SET utf8mb4 COLLATE utf8mb4_0900_ai_ci DEFAULT NULL COMMENT '',
  PRIMARY KEY (`dict_id`) USING BTREE,
  UNIQUE KEY `dict_type` (`dict_type`) USING BTREE
) ENGINE=InnoDB AUTO_INCREMENT=106 DEFAULT CHARSET=utf8mb4 COLLATE=utf8mb4_0900_ai_ci ROW_FORMAT=DYNAMIC COMMENT='';
/*!40101 SET character_set_client = @saved_cs_client */;

--
-- Dumping data for table `sys_dict_type`
--

LOCK TABLES `sys_dict_type` WRITE;
/*!40000 ALTER TABLE `sys_dict_type` DISABLE KEYS */;
INSERT INTO `sys_dict_type` VALUES (1,'','sys_user_sex','0','admin','2023-05-19 13:04:00','',NULL,0,''),(2,'','sys_show_hide','0','admin','2023-05-19 13:04:00','',NULL,0,''),(3,'','sys_normal_disable','0','admin','2023-05-19 13:04:00','',NULL,0,''),(4,'','sys_job_status','0','admin','2023-05-19 13:04:00','',NULL,0,''),(5,'','sys_job_group','0','admin','2023-05-19 13:04:00','',NULL,0,''),(6,'','sys_yes_no','0','admin','2023-05-19 13:04:00','',NULL,0,''),(7,'','sys_notice_type','0','admin','2023-05-19 13:04:00','',NULL,0,''),(8,'','sys_notice_status','0','admin','2023-05-19 13:04:00','',NULL,0,''),(9,'','sys_oper_type','0','admin','2023-05-19 13:04:00','',NULL,0,''),(10,'','sys_common_status','0','admin','2023-05-19 13:04:00','',NULL,0,''),(11,'','bpm_model_category','0','admin','2023-05-19 13:04:00','',NULL,0,''),(12,'','bpm_task_assign_script','0','admin','2023-05-19 13:04:00','',NULL,0,''),(13,'','bpm_task_assign_rule_type','0','admin','2023-05-19 13:04:00','',NULL,0,''),(14,'','bpm_model_form_type','0','admin','2023-05-19 13:04:00','',NULL,0,''),(15,'','bpm_process_instance_result','0','admin','2023-05-19 13:04:00','',NULL,0,''),(16,'','bpm_process_instance_status','0','admin','2023-05-19 13:04:00','',NULL,0,''),(105,'','storage_type','0','admin','2023-10-14 07:46:44','admin','2023-10-14 07:53:02',0,'');
/*!40000 ALTER TABLE `sys_dict_type` ENABLE KEYS */;
UNLOCK TABLES;

--
-- Table structure for table `sys_group_role`
--

DROP TABLE IF EXISTS `sys_group_role`;
/*!40101 SET @saved_cs_client     = @@character_set_client */;
/*!50503 SET character_set_client = utf8mb4 */;
CREATE TABLE `sys_group_role` (
  `group_id` int NOT NULL,
  `role_id` int NOT NULL
) ENGINE=InnoDB DEFAULT CHARSET=utf8mb4 COLLATE=utf8mb4_0900_ai_ci;
/*!40101 SET character_set_client = @saved_cs_client */;

--
-- Dumping data for table `sys_group_role`
--

LOCK TABLES `sys_group_role` WRITE;
/*!40000 ALTER TABLE `sys_group_role` DISABLE KEYS */;
INSERT INTO `sys_group_role` VALUES (1,2);
/*!40000 ALTER TABLE `sys_group_role` ENABLE KEYS */;
UNLOCK TABLES;

--
-- Table structure for table `sys_job`
--

DROP TABLE IF EXISTS `sys_job`;
/*!40101 SET @saved_cs_client     = @@character_set_client */;
/*!50503 SET character_set_client = utf8mb4 */;
CREATE TABLE `sys_job` (
  `job_id` bigint NOT NULL AUTO_INCREMENT COMMENT 'ID',
  `job_name` varchar(64) CHARACTER SET utf8mb4 COLLATE utf8mb4_0900_ai_ci NOT NULL DEFAULT '' COMMENT '',
  `job_group` varchar(64) CHARACTER SET utf8mb4 COLLATE utf8mb4_0900_ai_ci NOT NULL DEFAULT 'DEFAULT' COMMENT '',
  `invoke_target` varchar(500) CHARACTER SET utf8mb4 COLLATE utf8mb4_0900_ai_ci NOT NULL COMMENT '',
  `cron_expression` varchar(255) CHARACTER SET utf8mb4 COLLATE utf8mb4_0900_ai_ci DEFAULT '' COMMENT 'cron',
  `misfire_policy` varchar(20) CHARACTER SET utf8mb4 COLLATE utf8mb4_0900_ai_ci DEFAULT '3' COMMENT '1 2 3',
  `concurrent` char(1) CHARACTER SET utf8mb4 COLLATE utf8mb4_0900_ai_ci DEFAULT '1' COMMENT '0 1',
  `status` char(1) CHARACTER SET utf8mb4 COLLATE utf8mb4_0900_ai_ci DEFAULT '0' COMMENT '0 1',
  `create_by` varchar(64) CHARACTER SET utf8mb4 COLLATE utf8mb4_0900_ai_ci DEFAULT '' COMMENT '',
  `create_time` datetime DEFAULT NULL COMMENT '',
  `update_by` varchar(64) CHARACTER SET utf8mb4 COLLATE utf8mb4_0900_ai_ci DEFAULT '' COMMENT '',
  `update_time` datetime DEFAULT NULL COMMENT '',
  `remark` varchar(500) CHARACTER SET utf8mb4 COLLATE utf8mb4_0900_ai_ci DEFAULT '' COMMENT '',
  PRIMARY KEY (`job_id`,`job_name`,`job_group`) USING BTREE
) ENGINE=InnoDB AUTO_INCREMENT=100 DEFAULT CHARSET=utf8mb4 COLLATE=utf8mb4_0900_ai_ci ROW_FORMAT=DYNAMIC COMMENT='';
/*!40101 SET character_set_client = @saved_cs_client */;

--
-- Dumping data for table `sys_job`
--

LOCK TABLES `sys_job` WRITE;
/*!40000 ALTER TABLE `sys_job` DISABLE KEYS */;
INSERT INTO `sys_job` VALUES (1,'','DEFAULT','ryTask.ryNoParams','0/10 * * * * ?','3','1','1','admin','2023-05-19 13:04:00','',NULL,''),(2,'','DEFAULT','ryTask.ryParams(\'ry\')','0/15 * * * * ?','3','1','1','admin','2023-05-19 13:04:00','',NULL,''),(3,'','DEFAULT','ryTask.ryMultipleParams(\'ry\', true, 2000L, 316.50D, 100)','0/20 * * * * ?','3','1','1','admin','2023-05-19 13:04:00','',NULL,'');
/*!40000 ALTER TABLE `sys_job` ENABLE KEYS */;
UNLOCK TABLES;

--
-- Table structure for table `sys_job_log`
--

DROP TABLE IF EXISTS `sys_job_log`;
/*!40101 SET @saved_cs_client     = @@character_set_client */;
/*!50503 SET character_set_client = utf8mb4 */;
CREATE TABLE `sys_job_log` (
  `job_log_id` bigint NOT NULL AUTO_INCREMENT COMMENT 'ID',
  `job_name` varchar(64) CHARACTER SET utf8mb4 COLLATE utf8mb4_0900_ai_ci NOT NULL COMMENT '',
  `job_group` varchar(64) CHARACTER SET utf8mb4 COLLATE utf8mb4_0900_ai_ci NOT NULL COMMENT '',
  `invoke_target` varchar(500) CHARACTER SET utf8mb4 COLLATE utf8mb4_0900_ai_ci NOT NULL COMMENT '',
  `job_message` varchar(500) CHARACTER SET utf8mb4 COLLATE utf8mb4_0900_ai_ci DEFAULT NULL COMMENT '',
  `status` char(1) CHARACTER SET utf8mb4 COLLATE utf8mb4_0900_ai_ci DEFAULT '0' COMMENT '0 1',
  `exception_info` varchar(2000) CHARACTER SET utf8mb4 COLLATE utf8mb4_0900_ai_ci DEFAULT '' COMMENT '',
  `create_time` datetime DEFAULT NULL COMMENT '',
  PRIMARY KEY (`job_log_id`) USING BTREE
) ENGINE=InnoDB DEFAULT CHARSET=utf8mb4 COLLATE=utf8mb4_0900_ai_ci ROW_FORMAT=DYNAMIC COMMENT='';
/*!40101 SET character_set_client = @saved_cs_client */;

--
-- Dumping data for table `sys_job_log`
--

LOCK TABLES `sys_job_log` WRITE;
/*!40000 ALTER TABLE `sys_job_log` DISABLE KEYS */;
/*!40000 ALTER TABLE `sys_job_log` ENABLE KEYS */;
UNLOCK TABLES;

--
-- Table structure for table `sys_logininfor`
--

DROP TABLE IF EXISTS `sys_logininfor`;
/*!40101 SET @saved_cs_client     = @@character_set_client */;
/*!50503 SET character_set_client = utf8mb4 */;
CREATE TABLE `sys_logininfor` (
  `info_id` bigint NOT NULL AUTO_INCREMENT COMMENT 'ID',
  `user_name` varchar(50) CHARACTER SET utf8mb4 COLLATE utf8mb4_0900_ai_ci DEFAULT '' COMMENT '',
  `ipaddr` varchar(128) CHARACTER SET utf8mb4 COLLATE utf8mb4_0900_ai_ci DEFAULT '' COMMENT 'IP',
  `login_location` varchar(255) CHARACTER SET utf8mb4 COLLATE utf8mb4_0900_ai_ci DEFAULT '' COMMENT '',
  `browser` varchar(50) CHARACTER SET utf8mb4 COLLATE utf8mb4_0900_ai_ci DEFAULT '' COMMENT '',
  `os` varchar(50) CHARACTER SET utf8mb4 COLLATE utf8mb4_0900_ai_ci DEFAULT '' COMMENT '',
  `status` char(1) CHARACTER SET utf8mb4 COLLATE utf8mb4_0900_ai_ci DEFAULT '0' COMMENT '0 1',
  `msg` varchar(255) CHARACTER SET utf8mb4 COLLATE utf8mb4_0900_ai_ci DEFAULT '' COMMENT '',
  `login_time` datetime DEFAULT NULL COMMENT '',
  `create_time` datetime DEFAULT NULL,
  `create_by` varchar(30) DEFAULT NULL,
  `update_time` datetime DEFAULT NULL,
  `update_by` varchar(30) DEFAULT NULL,
  `deleted` tinyint DEFAULT NULL,
  `remark` varchar(255) DEFAULT NULL,
  PRIMARY KEY (`info_id`) USING BTREE
) ENGINE=InnoDB AUTO_INCREMENT=21 DEFAULT CHARSET=utf8mb4 COLLATE=utf8mb4_0900_ai_ci ROW_FORMAT=DYNAMIC COMMENT='';
/*!40101 SET character_set_client = @saved_cs_client */;

--
-- Dumping data for table `sys_logininfor`
--

LOCK TABLES `sys_logininfor` WRITE;
/*!40000 ALTER TABLE `sys_logininfor` DISABLE KEYS */;
INSERT INTO `sys_logininfor` VALUES (1,'admin','127.0.0.1','IP','Chrome 11','Windows 10','0','','2023-10-16 10:08:57','2023-10-16 10:08:57',NULL,NULL,NULL,0,NULL),(2,'admin','127.0.0.1','IP','Chrome 11','Windows 10','0','','2023-10-16 10:58:01','2023-10-16 10:58:01',NULL,NULL,NULL,0,NULL),(3,'admin','127.0.0.1','IP','Chrome 11','Windows 10','0','','2023-10-20 14:51:25','2023-10-20 14:51:25',NULL,NULL,NULL,0,NULL),(4,'admin','127.0.0.1','IP','Chrome 11','Windows 10','0','','2023-10-20 16:48:18','2023-10-20 16:48:18',NULL,NULL,NULL,0,NULL),(5,'admin','127.0.0.1','IP','Chrome 11','Windows 10','0','','2023-10-20 19:51:06','2023-10-20 19:51:06',NULL,NULL,NULL,0,NULL),(6,'admin','127.0.0.1','IP','Chrome 11','Windows 10','0','','2023-10-21 11:07:24','2023-10-21 11:07:24',NULL,NULL,NULL,0,NULL),(7,'admin','127.0.0.1','IP','Chrome 11','Windows 10','0','','2023-10-21 13:06:28','2023-10-21 13:06:28',NULL,NULL,NULL,0,NULL),(8,'admin','127.0.0.1','IP','Chrome 11','Windows 10','0','','2023-10-21 14:17:17','2023-10-21 14:17:17',NULL,NULL,NULL,0,NULL),(9,'admin','127.0.0.1','IP','Chrome 11','Windows 10','0','','2023-10-21 15:22:36','2023-10-21 15:22:36',NULL,NULL,NULL,0,NULL),(10,'admin','127.0.0.1','IP','Chrome 11','Windows 10','0','','2023-10-21 21:26:56','2023-10-21 21:26:56',NULL,NULL,NULL,0,NULL),(11,'admin','127.0.0.1','IP','Chrome 11','Windows 10','1','','2023-10-24 09:17:52','2023-10-24 09:17:52',NULL,NULL,NULL,0,NULL),(12,'admin','127.0.0.1','IP','Chrome 11','Windows 10','0','','2023-10-24 09:17:56','2023-10-24 09:17:56',NULL,NULL,NULL,0,NULL),(13,'admin','127.0.0.1','IP','Chrome 11','Windows 10','0','','2023-10-24 10:13:09','2023-10-24 10:13:09',NULL,NULL,NULL,0,NULL),(14,'admin','127.0.0.1','IP','Chrome 11','Windows 10','0','','2023-10-24 10:47:05','2023-10-24 10:47:05',NULL,NULL,NULL,0,NULL),(15,'admin','127.0.0.1','IP','Chrome 11','Windows 10','0','','2023-10-24 11:48:34','2023-10-24 11:48:34',NULL,NULL,NULL,0,NULL),(16,'admin','127.0.0.1','IP','Chrome 11','Windows 10','0','','2023-10-24 13:03:44','2023-10-24 13:03:44',NULL,NULL,NULL,0,NULL),(17,'admin','127.0.0.1','IP','Chrome 11','Windows 10','0','','2023-10-24 16:01:59','2023-10-24 16:01:59',NULL,NULL,NULL,0,NULL),(18,'admin','127.0.0.1','IP','Chrome 11','Windows 10','0','','2023-10-24 16:49:18','2023-10-24 16:49:18',NULL,NULL,NULL,0,NULL),(19,'admin','127.0.0.1','IP','Chrome 11','Windows 10','1','','2023-10-25 10:24:49','2023-10-25 10:24:49',NULL,NULL,NULL,0,NULL),(20,'admin','127.0.0.1','IP','Chrome 11','Windows 10','0','','2023-10-25 10:24:53','2023-10-25 10:24:53',NULL,NULL,NULL,0,NULL);
/*!40000 ALTER TABLE `sys_logininfor` ENABLE KEYS */;
UNLOCK TABLES;

--
-- Table structure for table `sys_menu`
--

DROP TABLE IF EXISTS `sys_menu`;
/*!40101 SET @saved_cs_client     = @@character_set_client */;
/*!50503 SET character_set_client = utf8mb4 */;
CREATE TABLE `sys_menu` (
  `menu_id` bigint NOT NULL AUTO_INCREMENT COMMENT 'ID',
  `menu_name` varchar(50) CHARACTER SET utf8mb4 COLLATE utf8mb4_0900_ai_ci NOT NULL COMMENT '',
  `parent_id` bigint DEFAULT '0' COMMENT 'ID',
  `order_num` int DEFAULT '0' COMMENT '',
  `component_name` varchar(255) CHARACTER SET utf8mb4 COLLATE utf8mb4_0900_ai_ci DEFAULT NULL COMMENT '',
  `path` varchar(200) CHARACTER SET utf8mb4 COLLATE utf8mb4_0900_ai_ci DEFAULT '' COMMENT '',
  `component` varchar(255) CHARACTER SET utf8mb4 COLLATE utf8mb4_0900_ai_ci DEFAULT NULL COMMENT '',
  `query` varchar(255) CHARACTER SET utf8mb4 COLLATE utf8mb4_0900_ai_ci DEFAULT NULL COMMENT '',
  `is_frame` int DEFAULT '1' COMMENT '0 1',
  `is_cache` int DEFAULT '0' COMMENT '0 1',
  `menu_type` char(1) CHARACTER SET utf8mb4 COLLATE utf8mb4_0900_ai_ci DEFAULT '' COMMENT 'M C F',
  `visible` char(1) CHARACTER SET utf8mb4 COLLATE utf8mb4_0900_ai_ci DEFAULT '0' COMMENT '0 1',
  `status` char(1) CHARACTER SET utf8mb4 COLLATE utf8mb4_0900_ai_ci DEFAULT '0' COMMENT '0 1',
  `perms` varchar(100) CHARACTER SET utf8mb4 COLLATE utf8mb4_0900_ai_ci DEFAULT NULL COMMENT '',
  `icon` varchar(100) CHARACTER SET utf8mb4 COLLATE utf8mb4_0900_ai_ci DEFAULT '#' COMMENT '',
  `create_by` varchar(64) CHARACTER SET utf8mb4 COLLATE utf8mb4_0900_ai_ci DEFAULT '' COMMENT '',
  `create_time` datetime DEFAULT NULL COMMENT '',
  `update_by` varchar(64) CHARACTER SET utf8mb4 COLLATE utf8mb4_0900_ai_ci DEFAULT '' COMMENT '',
  `update_time` datetime DEFAULT NULL COMMENT '',
  `remark` varchar(500) CHARACTER SET utf8mb4 COLLATE utf8mb4_0900_ai_ci DEFAULT '' COMMENT '',
  `deleted` tinyint DEFAULT NULL,
  PRIMARY KEY (`menu_id`) USING BTREE
) ENGINE=InnoDB AUTO_INCREMENT=2044 DEFAULT CHARSET=utf8mb4 COLLATE=utf8mb4_0900_ai_ci ROW_FORMAT=DYNAMIC COMMENT='';
/*!40101 SET character_set_client = @saved_cs_client */;

--
-- Dumping data for table `sys_menu`
--

LOCK TABLES `sys_menu` WRITE;
/*!40000 ALTER TABLE `sys_menu` DISABLE KEYS */;
INSERT INTO `sys_menu` VALUES (1,'',0,96,NULL,'system',NULL,'',1,0,'M','0','0','','system','admin','2023-05-19 13:04:00','admin','2023-05-19 13:04:00','',0),(2,'',0,97,NULL,'monitor',NULL,'',1,0,'M','0','0','','monitor','admin','2023-05-19 13:04:00','admin','2023-05-19 13:04:00','',0),(3,'',0,98,NULL,'tool',NULL,'',1,0,'M','0','0','','tool','admin','2023-05-19 13:04:00','admin','2023-05-19 13:04:00','',0),(4,'',0,99,NULL,'https://www.alphay.com',NULL,'',0,0,'M','0','0','','guide','admin','2023-05-19 13:04:00','admin','2023-05-19 13:04:00','',0),(100,'',1,1,NULL,'user','system/user/index','',1,0,'C','0','0','system:user:list','user','admin','2023-05-19 13:04:00','',NULL,'',0),(101,'',1,2,NULL,'role','system/role/index','',1,0,'C','0','0','system:role:list','peoples','admin','2023-05-19 13:04:00','admin','2023-10-21 13:15:38','',0),(102,'',1,4,NULL,'menu','system/menu/index','',1,0,'C','0','0','system:menu:list','tree-table','admin','2023-05-19 13:04:00','admin','2023-10-21 13:15:46','',0),(103,'',1,5,NULL,'dept','system/dept/index','',1,0,'C','0','0','system:dept:list','tree','admin','2023-05-19 13:04:00','admin','2023-10-21 13:15:52','',0),(104,'',1,6,NULL,'post','system/post/index','',1,0,'C','0','0','system:post:list','post','admin','2023-05-19 13:04:00','admin','2023-10-21 13:15:57','',0),(105,'',1,7,NULL,'dict','system/dict/index','',1,0,'C','0','0','system:dict:list','dict','admin','2023-05-19 13:04:00','admin','2023-10-21 13:16:08','',0),(106,'',1,10,NULL,'config','system/config/index','',1,0,'C','0','0','system:config:list','edit','admin','2023-05-19 13:04:00','admin','2023-05-19 13:04:00','',0),(107,'',1,8,NULL,'notice','system/notice/index','',1,0,'C','0','0','system:notice:list','message','admin','2023-05-19 13:04:00','',NULL,'',0),(108,'',1,9,NULL,'log','','',1,0,'M','0','0','','log','admin','2023-05-19 13:04:00','',NULL,'',0),(109,'',2,1,NULL,'online','monitor/online/index','',1,0,'C','0','0','monitor:online:list','online','admin','2023-05-19 13:04:00','',NULL,'',0),(110,'',2,2,NULL,'job','monitor/job/index','',1,0,'C','0','0','monitor:job:list','job','admin','2023-05-19 13:04:00','',NULL,'',0),(111,'',2,3,NULL,'druid','monitor/druid/index','',1,0,'C','0','0','monitor:druid:list','druid','admin','2023-05-19 13:04:00','',NULL,'',0),(112,'',2,4,NULL,'server','monitor/server/index','',1,0,'C','0','0','monitor:server:list','server','admin','2023-05-19 13:04:00','',NULL,'',0),(113,'',2,5,NULL,'cache','monitor/cache/index','',1,0,'C','0','0','monitor:cache:list','redis','admin','2023-05-19 13:04:00','',NULL,'',0),(114,'',2,6,NULL,'cacheList','monitor/cache/list','',1,0,'C','0','0','monitor:cache:list','redis-list','admin','2023-05-19 13:04:00','',NULL,'',0),(115,'',3,1,NULL,'build','tool/build/index','',1,0,'C','0','0','tool:build:list','build','admin','2023-05-19 13:04:00','',NULL,'',0),(116,'',3,2,NULL,'gen','tool/gen/index','',1,0,'C','0','0','tool:gen:list','code','admin','2023-05-19 13:04:00','',NULL,'',0),(117,'',3,3,NULL,'swagger','tool/swagger/index','',1,0,'C','0','0','tool:swagger:list','swagger','admin','2023-05-19 13:04:00','',NULL,'',0),(500,'',108,1,NULL,'operlog','monitor/operlog/index','',1,0,'C','0','0','monitor:operlog:list','form','admin','2023-05-19 13:04:00','',NULL,'',0),(501,'',108,2,NULL,'logininfor','monitor/logininfor/index','',1,0,'C','0','0','monitor:logininfor:list','logininfor','admin','2023-05-19 13:04:00','',NULL,'',0),(1000,'',100,1,NULL,'','','',1,0,'F','0','0','system:user:query','#','admin','2023-05-19 13:04:00','',NULL,'',0),(1001,'',100,2,NULL,'','','',1,0,'F','0','0','system:user:add','#','admin','2023-05-19 13:04:00','',NULL,'',0),(1002,'',100,3,NULL,'','','',1,0,'F','0','0','system:user:edit','#','admin','2023-05-19 13:04:00','',NULL,'',0),(1003,'',100,4,NULL,'','','',1,0,'F','0','0','system:user:remove','#','admin','2023-05-19 13:04:00','',NULL,'',0),(1004,'',100,5,NULL,'','','',1,0,'F','0','0','system:user:export','#','admin','2023-05-19 13:04:00','',NULL,'',0),(1005,'',100,6,NULL,'','','',1,0,'F','0','0','system:user:import','#','admin','2023-05-19 13:04:00','',NULL,'',0),(1006,'',100,7,NULL,'','','',1,0,'F','0','0','system:user:resetPwd','#','admin','2023-05-19 13:04:00','',NULL,'',0),(1007,'',101,1,NULL,'','','',1,0,'F','0','0','system:role:query','#','admin','2023-05-19 13:04:00','',NULL,'',0),(1008,'',101,2,NULL,'','','',1,0,'F','0','0','system:role:add','#','admin','2023-05-19 13:04:00','',NULL,'',0),(1009,'',101,3,NULL,'','','',1,0,'F','0','0','system:role:edit','#','admin','2023-05-19 13:04:00','',NULL,'',0),(1010,'',101,4,NULL,'','','',1,0,'F','0','0','system:role:remove','#','admin','2023-05-19 13:04:00','',NULL,'',0),(1011,'',101,5,NULL,'','','',1,0,'F','0','0','system:role:export','#','admin','2023-05-19 13:04:00','',NULL,'',0),(1012,'',102,1,NULL,'','','',1,0,'F','0','0','system:menu:query','#','admin','2023-05-19 13:04:00','',NULL,'',0),(1013,'',102,2,NULL,'','','',1,0,'F','0','0','system:menu:add','#','admin','2023-05-19 13:04:00','',NULL,'',0),(1014,'',102,3,NULL,'','','',1,0,'F','0','0','system:menu:edit','#','admin','2023-05-19 13:04:00','',NULL,'',0),(1015,'',102,4,NULL,'','','',1,0,'F','0','0','system:menu:remove','#','admin','2023-05-19 13:04:00','',NULL,'',0),(1016,'',103,1,NULL,'','','',1,0,'F','0','0','system:dept:query','#','admin','2023-05-19 13:04:00','',NULL,'',0),(1017,'',103,2,NULL,'','','',1,0,'F','0','0','system:dept:add','#','admin','2023-05-19 13:04:00','',NULL,'',0),(1018,'',103,3,NULL,'','','',1,0,'F','0','0','system:dept:edit','#','admin','2023-05-19 13:04:00','',NULL,'',0),(1019,'',103,4,NULL,'','','',1,0,'F','0','0','system:dept:remove','#','admin','2023-05-19 13:04:00','',NULL,'',0),(1020,'',104,1,NULL,'','','',1,0,'F','0','0','system:post:query','#','admin','2023-05-19 13:04:00','',NULL,'',0),(1021,'',104,2,NULL,'','','',1,0,'F','0','0','system:post:add','#','admin','2023-05-19 13:04:00','',NULL,'',0),(1022,'',104,3,NULL,'','','',1,0,'F','0','0','system:post:edit','#','admin','2023-05-19 13:04:00','',NULL,'',0),(1023,'',104,4,NULL,'','','',1,0,'F','0','0','system:post:remove','#','admin','2023-05-19 13:04:00','',NULL,'',0),(1024,'',104,5,NULL,'','','',1,0,'F','0','0','system:post:export','#','admin','2023-05-19 13:04:00','',NULL,'',0),(1025,'',105,1,NULL,'#','','',1,0,'F','0','0','system:dict:query','#','admin','2023-05-19 13:04:00','',NULL,'',0),(1026,'',105,2,NULL,'#','','',1,0,'F','0','0','system:dict:add','#','admin','2023-05-19 13:04:00','',NULL,'',0),(1027,'',105,3,NULL,'#','','',1,0,'F','0','0','system:dict:edit','#','admin','2023-05-19 13:04:00','',NULL,'',0),(1028,'',105,4,NULL,'#','','',1,0,'F','0','0','system:dict:remove','#','admin','2023-05-19 13:04:00','',NULL,'',0),(1029,'',105,5,NULL,'#','','',1,0,'F','0','0','system:dict:export','#','admin','2023-05-19 13:04:00','',NULL,'',0),(1030,'',106,1,NULL,'#','','',1,0,'F','0','0','system:config:query','#','admin','2023-05-19 13:04:00','',NULL,'',0),(1031,'',106,2,NULL,'#','','',1,0,'F','0','0','system:config:add','#','admin','2023-05-19 13:04:00','',NULL,'',0),(1032,'',106,3,NULL,'#','','',1,0,'F','0','0','system:config:edit','#','admin','2023-05-19 13:04:00','',NULL,'',0),(1033,'',106,4,NULL,'#','','',1,0,'F','0','0','system:config:remove','#','admin','2023-05-19 13:04:00','',NULL,'',0),(1034,'',106,5,NULL,'#','','',1,0,'F','0','0','system:config:export','#','admin','2023-05-19 13:04:00','',NULL,'',0),(1035,'',107,1,NULL,'#','','',1,0,'F','0','0','system:notice:query','#','admin','2023-05-19 13:04:00','',NULL,'',0),(1036,'',107,2,NULL,'#','','',1,0,'F','0','0','system:notice:add','#','admin','2023-05-19 13:04:00','',NULL,'',0),(1037,'',107,3,NULL,'#','','',1,0,'F','0','0','system:notice:edit','#','admin','2023-05-19 13:04:00','',NULL,'',0),(1038,'',107,4,NULL,'#','','',1,0,'F','0','0','system:notice:remove','#','admin','2023-05-19 13:04:00','',NULL,'',0),(1039,'',500,1,NULL,'#','','',1,0,'F','0','0','monitor:operlog:query','#','admin','2023-05-19 13:04:00','',NULL,'',0),(1040,'',500,2,NULL,'#','','',1,0,'F','0','0','monitor:operlog:remove','#','admin','2023-05-19 13:04:00','',NULL,'',0),(1041,'',500,3,NULL,'#','','',1,0,'F','0','0','monitor:operlog:export','#','admin','2023-05-19 13:04:00','',NULL,'',0),(1042,'',501,1,NULL,'#','','',1,0,'F','0','0','monitor:logininfor:query','#','admin','2023-05-19 13:04:00','',NULL,'',0),(1043,'',501,2,NULL,'#','','',1,0,'F','0','0','monitor:logininfor:remove','#','admin','2023-05-19 13:04:00','',NULL,'',0),(1044,'',501,3,NULL,'#','','',1,0,'F','0','0','monitor:logininfor:export','#','admin','2023-05-19 13:04:00','',NULL,'',0),(1045,'',501,4,NULL,'#','','',1,0,'F','0','0','monitor:logininfor:unlock','#','admin','2023-05-19 13:04:00','',NULL,'',0),(1046,'',109,1,NULL,'#','','',1,0,'F','0','0','monitor:online:query','#','admin','2023-05-19 13:04:00','',NULL,'',0),(1047,'',109,2,NULL,'#','','',1,0,'F','0','0','monitor:online:batchLogout','#','admin','2023-05-19 13:04:00','',NULL,'',0),(1048,'',109,3,NULL,'#','','',1,0,'F','0','0','monitor:online:forceLogout','#','admin','2023-05-19 13:04:00','',NULL,'',0),(1049,'',110,1,NULL,'#','','',1,0,'F','0','0','monitor:job:query','#','admin','2023-05-19 13:04:00','',NULL,'',0),(1050,'',110,2,NULL,'#','','',1,0,'F','0','0','monitor:job:add','#','admin','2023-05-19 13:04:00','',NULL,'',0),(1051,'',110,3,NULL,'#','','',1,0,'F','0','0','monitor:job:edit','#','admin','2023-05-19 13:04:00','',NULL,'',0),(1052,'',110,4,NULL,'#','','',1,0,'F','0','0','monitor:job:remove','#','admin','2023-05-19 13:04:00','',NULL,'',0),(1053,'',110,5,NULL,'#','','',1,0,'F','0','0','monitor:job:changeStatus','#','admin','2023-05-19 13:04:00','',NULL,'',0),(1054,'',110,6,NULL,'#','','',1,0,'F','0','0','monitor:job:export','#','admin','2023-05-19 13:04:00','',NULL,'',0),(1055,'',116,1,NULL,'#','','',1,0,'F','0','0','tool:gen:query','#','admin','2023-05-19 13:04:00','',NULL,'',0),(1056,'',116,2,NULL,'#','','',1,0,'F','0','0','tool:gen:edit','#','admin','2023-05-19 13:04:00','',NULL,'',0),(1057,'',116,3,NULL,'#','','',1,0,'F','0','0','tool:gen:remove','#','admin','2023-05-19 13:04:00','',NULL,'',0),(1058,'',116,4,NULL,'#','','',1,0,'F','0','0','tool:gen:import','#','admin','2023-05-19 13:04:00','',NULL,'',0),(1059,'',116,5,NULL,'#','','',1,0,'F','0','0','tool:gen:preview','#','admin','2023-05-19 13:04:00','',NULL,'',0),(1060,'',116,6,NULL,'#','','',1,0,'F','0','0','tool:gen:code','#','admin','2023-05-19 13:04:00','',NULL,'',0),(2000,'',3,4,NULL,'build2','tool/build2/index',NULL,1,0,'C','0','0','tool:build:list','build','admin','2023-05-19 13:04:00','',NULL,'',0),(2001,'',1,11,NULL,'setting','system/setting/index',NULL,1,0,'C','0','0','system:config:list','system','admin','2023-05-19 13:04:00','admin','2023-10-21 13:16:17','',0),(2002,'',0,95,NULL,'flowable',NULL,NULL,1,0,'M','0','0',NULL,'tool','admin','2023-05-19 13:04:00','',NULL,'',0),(2003,'',2010,1,NULL,'bpmForm','bpm/bpmForm/index',NULL,1,0,'C','0','0','bpm:bpmForm:list','dict','admin','2023-05-19 13:04:00','',NULL,'',0),(2004,'',2003,1,NULL,'#','',NULL,1,0,'F','0','0','bpm:bpmForm:query','#','admin','2023-05-19 13:04:00','',NULL,'',0),(2005,'',2003,2,NULL,'#','',NULL,1,0,'F','0','0','bpm:bpmForm:add','#','admin','2023-05-19 13:04:00','',NULL,'',0),(2006,'',2003,3,NULL,'#','',NULL,1,0,'F','0','0','bpm:bpmForm:edit','#','admin','2023-05-19 13:04:00','',NULL,'',0),(2007,'',2003,4,NULL,'#','',NULL,1,0,'F','0','0','bpm:bpmForm:remove','#','admin','2023-05-19 13:04:00','',NULL,'',0),(2008,'',2003,5,NULL,'#','',NULL,1,0,'F','0','0','bpm:bpmForm:export','#','admin','2023-05-19 13:04:00','',NULL,'',0),(2009,'',2010,6,'BpmFormDesign','design/:id','bpm/bpmForm/edit',NULL,1,0,'C','1','0','bpm:bpmForm:add,bpm:bpmForm:edit','build','admin','2023-05-19 13:04:00','',NULL,'',0),(2010,'',2002,1,NULL,'bpm',NULL,NULL,1,0,'M','0','0',NULL,'nested','admin','2023-05-19 13:04:00','',NULL,'',0),(2011,'',2010,2,NULL,'model','bpm/model/index',NULL,1,0,'C','0','0','bpm:bpmModel:list','guide','admin','2023-05-19 13:04:00','',NULL,'',0),(2012,'',2010,7,NULL,'definition','bpm/definition/index',NULL,1,0,'C','1','0','bpm:definition:list','#','admin','2023-05-19 13:04:00','',NULL,'',0),(2013,'',2010,8,NULL,'model/design','bpm/model/modelEditor',NULL,1,0,'C','1','0','bpm:bpmModel:design','#','admin','2023-05-19 13:04:00','',NULL,'',0),(2014,'',1,3,NULL,'userGroup','system/user/group/index',NULL,1,0,'C','0','0','system:userGroup:list','user-group','admin','2023-05-19 13:04:00','admin','2023-10-21 13:07:28','',0),(2015,'',2002,2,NULL,'task',NULL,NULL,1,0,'M','0','0',NULL,'tree-table','admin','2023-05-19 13:04:00','',NULL,'',0),(2016,'',2015,1,NULL,'my','bpm/processInstance/index',NULL,1,0,'C','0','0',NULL,'people','admin','2023-05-19 13:04:00','',NULL,'',0),(2017,'',2015,2,NULL,'todo','bpm/task/todo',NULL,1,0,'C','0','0',NULL,'eye-open','admin','2023-05-19 13:04:00','',NULL,'',0),(2018,'',2015,3,NULL,'done','bpm/task/done',NULL,1,0,'C','0','0',NULL,'eye','admin','2023-05-19 13:04:00','',NULL,'',0),(2019,'',2015,4,NULL,'create','bpm/processInstance/create',NULL,1,0,'C','1','0','bpm:processInstance:create','#','admin','2023-05-19 13:04:00','',NULL,'',0),(2020,'',2015,5,NULL,'detail','bpm/processInstance/detail',NULL,1,0,'C','1','0','bpm:processInstance:info','#','admin','2023-05-19 13:04:00','',NULL,'',0),(2021,'',2027,1,'Attachment','attachment','attachment/attachment/index',NULL,1,0,'C','0','0','attachment:attachment:list','folder','admin','2023-10-13 21:13:37','admin','2023-10-13 21:34:44','',0),(2022,'',2021,1,NULL,'#','',NULL,1,0,'F','0','0','attachment:attachment:query','#','admin','2023-10-13 21:13:37','',NULL,'',0),(2023,'',2021,2,NULL,'#','',NULL,1,0,'F','0','0','attachment:attachment:add','#','admin','2023-10-13 21:13:37','',NULL,'',0),(2024,'',2021,3,NULL,'#','',NULL,1,0,'F','0','0','attachment:attachment:edit','#','admin','2023-10-13 21:13:37','',NULL,'',0),(2025,'',2021,4,NULL,'#','',NULL,1,0,'F','0','0','attachment:attachment:remove','#','admin','2023-10-13 21:13:37','',NULL,'',0),(2026,'',2021,5,NULL,'#','',NULL,1,0,'F','0','0','attachment:attachment:export','#','admin','2023-10-13 21:13:37','',NULL,'',0),(2027,'',3,5,NULL,'attachment',NULL,NULL,1,0,'M','0','0',NULL,'excel','admin','2023-10-13 23:01:53','admin','2023-10-13 23:02:03','',0),(2028,'',2027,1,NULL,'oss_config','attachment/oss_config/index',NULL,1,0,'C','0','0','oss:oss_config:list','oss','admin','2023-10-13 23:07:18','admin','2023-10-16 11:30:29','',0),(2029,'',2028,1,NULL,'#','',NULL,1,0,'F','0','0','oss:oss_config:query','#','admin','2023-10-13 23:07:18','',NULL,'',0),(2030,'',2028,2,NULL,'#','',NULL,1,0,'F','0','0','oss:oss_config:add','#','admin','2023-10-13 23:07:18','',NULL,'',0),(2031,'',2028,3,NULL,'#','',NULL,1,0,'F','0','0','oss:oss_config:edit','#','admin','2023-10-13 23:07:18','',NULL,'',0),(2032,'',2028,4,NULL,'#','',NULL,1,0,'F','0','0','oss:oss_config:remove','#','admin','2023-10-13 23:07:18','',NULL,'',0),(2033,'',2028,5,NULL,'#','',NULL,1,0,'F','0','0','oss:oss_config:export','#','admin','2023-10-13 23:07:18','',NULL,'',0),(2040,'',2014,1,NULL,'',NULL,NULL,1,0,'F','0','0','system:userGroup:query','#','admin','2023-10-21 13:12:25','admin','2023-10-21 13:12:42','',0),(2041,'',2014,2,NULL,'',NULL,NULL,1,0,'F','0','0','system:userGroup:add','#','admin','2023-10-21 13:12:59','',NULL,'',0),(2042,'',2014,3,NULL,'',NULL,NULL,1,0,'F','0','0','system:userGroup:edit','#','admin','2023-10-21 13:13:16','admin','2023-10-21 13:13:24','',0),(2043,'',2014,4,NULL,'',NULL,NULL,1,0,'F','0','0','system:userGroup:remove','#','admin','2023-10-21 13:13:42','',NULL,'',0);
/*!40000 ALTER TABLE `sys_menu` ENABLE KEYS */;
UNLOCK TABLES;

--
-- Table structure for table `sys_notice`
--

DROP TABLE IF EXISTS `sys_notice`;
/*!40101 SET @saved_cs_client     = @@character_set_client */;
/*!50503 SET character_set_client = utf8mb4 */;
CREATE TABLE `sys_notice` (
  `notice_id` int NOT NULL AUTO_INCREMENT COMMENT 'ID',
  `notice_title` varchar(50) CHARACTER SET utf8mb4 COLLATE utf8mb4_0900_ai_ci NOT NULL COMMENT '',
  `notice_type` char(1) CHARACTER SET utf8mb4 COLLATE utf8mb4_0900_ai_ci NOT NULL COMMENT '1 2',
  `notice_content` longblob COMMENT '',
  `status` char(1) CHARACTER SET utf8mb4 COLLATE utf8mb4_0900_ai_ci DEFAULT '0' COMMENT '0 1',
  `create_by` varchar(64) CHARACTER SET utf8mb4 COLLATE utf8mb4_0900_ai_ci DEFAULT '' COMMENT '',
  `create_time` datetime DEFAULT NULL COMMENT '',
  `update_by` varchar(64) CHARACTER SET utf8mb4 COLLATE utf8mb4_0900_ai_ci DEFAULT '' COMMENT '',
  `update_time` datetime DEFAULT NULL COMMENT '',
  `remark` varchar(255) CHARACTER SET utf8mb4 COLLATE utf8mb4_0900_ai_ci DEFAULT NULL COMMENT '',
  PRIMARY KEY (`notice_id`) USING BTREE
) ENGINE=InnoDB AUTO_INCREMENT=10 DEFAULT CHARSET=utf8mb4 COLLATE=utf8mb4_0900_ai_ci ROW_FORMAT=DYNAMIC COMMENT='';
/*!40101 SET character_set_client = @saved_cs_client */;

--
-- Dumping data for table `sys_notice`
--

LOCK TABLES `sys_notice` WRITE;
/*!40000 ALTER TABLE `sys_notice` DISABLE KEYS */;
INSERT INTO `sys_notice` VALUES (1,'2018-07-01 ','2',_binary '','0','admin','2023-05-19 13:04:00','',NULL,''),(2,'2018-07-01 ','1',_binary '','0','admin','2023-05-19 13:04:00','',NULL,'');
/*!40000 ALTER TABLE `sys_notice` ENABLE KEYS */;
UNLOCK TABLES;

--
-- Table structure for table `sys_oper_log`
--

DROP TABLE IF EXISTS `sys_oper_log`;
/*!40101 SET @saved_cs_client     = @@character_set_client */;
/*!50503 SET character_set_client = utf8mb4 */;
CREATE TABLE `sys_oper_log` (
  `oper_id` bigint NOT NULL AUTO_INCREMENT COMMENT '',
  `create_by` varchar(30) DEFAULT NULL,
  `create_time` datetime DEFAULT NULL,
  `update_time` datetime DEFAULT NULL,
  `update_by` varchar(30) DEFAULT NULL,
  `deleted` tinyint DEFAULT NULL,
  `title` varchar(50) CHARACTER SET utf8mb4 COLLATE utf8mb4_0900_ai_ci DEFAULT '' COMMENT '',
  `business_type` int DEFAULT '0' COMMENT '0 1 2 3',
  `method` varchar(100) CHARACTER SET utf8mb4 COLLATE utf8mb4_0900_ai_ci DEFAULT '' COMMENT '',
  `request_method` varchar(10) CHARACTER SET utf8mb4 COLLATE utf8mb4_0900_ai_ci DEFAULT '' COMMENT '',
  `operator_type` int DEFAULT '0' COMMENT '0 1 2',
  `oper_name` varchar(50) CHARACTER SET utf8mb4 COLLATE utf8mb4_0900_ai_ci DEFAULT '' COMMENT '',
  `dept_name` varchar(50) CHARACTER SET utf8mb4 COLLATE utf8mb4_0900_ai_ci DEFAULT '' COMMENT '',
  `oper_url` varchar(255) CHARACTER SET utf8mb4 COLLATE utf8mb4_0900_ai_ci DEFAULT '' COMMENT 'URL',
  `oper_ip` varchar(128) CHARACTER SET utf8mb4 COLLATE utf8mb4_0900_ai_ci DEFAULT '' COMMENT '',
  `oper_location` varchar(255) CHARACTER SET utf8mb4 COLLATE utf8mb4_0900_ai_ci DEFAULT '' COMMENT '',
  `oper_param` varchar(2000) CHARACTER SET utf8mb4 COLLATE utf8mb4_0900_ai_ci DEFAULT '' COMMENT '',
  `json_result` varchar(2000) CHARACTER SET utf8mb4 COLLATE utf8mb4_0900_ai_ci DEFAULT '' COMMENT '',
  `status` int DEFAULT '0' COMMENT '0 1',
  `error_msg` varchar(2000) CHARACTER SET utf8mb4 COLLATE utf8mb4_0900_ai_ci DEFAULT '' COMMENT '',
  `oper_time` datetime DEFAULT NULL COMMENT '',
  PRIMARY KEY (`oper_id`) USING BTREE
) ENGINE=InnoDB AUTO_INCREMENT=30 DEFAULT CHARSET=utf8mb4 COLLATE=utf8mb4_0900_ai_ci ROW_FORMAT=DYNAMIC COMMENT='';
/*!40101 SET character_set_client = @saved_cs_client */;

--
-- Dumping data for table `sys_oper_log`
--

LOCK TABLES `sys_oper_log` WRITE;
/*!40000 ALTER TABLE `sys_oper_log` DISABLE KEYS */;
INSERT INTO `sys_oper_log` VALUES (1,NULL,'2023-10-24 13:24:55',NULL,NULL,0,'',2,'com.alphay.boot.web.controller.system.SysDeptController.edit()','PUT',1,'admin','','/system/dept','127.0.0.1','IP','{\"ancestors\":\"0,100,101\",\"children\":[],\"deptId\":103,\"deptName\":\"\",\"leaderUserId\":1,\"orderNum\":1,\"params\":{},\"parentId\":101,\"parentName\":\"\",\"status\":\"0\",\"updateBy\":\"admin\"}','',1,'nested exception is org.apache.ibatis.reflection.ReflectionException: There is no getter for property named \'phone\' in \'class com.alphay.boot.common.core.domain.entity.SysDept\'','2023-10-24 13:24:55'),(2,NULL,'2023-10-24 13:27:54',NULL,NULL,0,'',2,'com.alphay.boot.web.controller.system.SysDeptController.edit()','PUT',1,'admin','','/system/dept','127.0.0.1','IP','{\"ancestors\":\"0,100,101\",\"children\":[],\"deptId\":103,\"deptName\":\"\",\"leaderUserId\":1,\"orderNum\":1,\"params\":{},\"parentId\":101,\"parentName\":\"\",\"status\":\"0\",\"updateBy\":\"admin\",\"updateTime\":\"2023-10-24 13:27:53\"}','{\"msg\":\"\",\"code\":200}',0,'','2023-10-24 13:27:54'),(3,NULL,'2023-10-24 13:32:22',NULL,NULL,0,'',2,'com.alphay.boot.web.controller.system.SysDeptController.edit()','PUT',1,'admin','','/system/dept','127.0.0.1','IP','{\"ancestors\":\"0,100,101\",\"children\":[],\"deptId\":103,\"deptName\":\"\",\"leader\":{\"admin\":true,\"params\":{},\"userId\":1},\"orderNum\":1,\"params\":{},\"parentId\":101,\"parentName\":\"\",\"status\":\"0\",\"updateBy\":\"admin\",\"updateTime\":\"2023-10-24 13:32:21\"}','{\"msg\":\"\",\"code\":200}',0,'','2023-10-24 13:32:22'),(4,NULL,'2023-10-24 13:37:03',NULL,NULL,0,'',2,'com.alphay.boot.web.controller.system.SysDeptController.edit()','PUT',1,'admin','','/system/dept','127.0.0.1','IP','{\"ancestors\":\"0,100,101\",\"children\":[],\"deptId\":103,\"deptName\":\"\",\"leader\":{\"admin\":true,\"params\":{},\"userId\":1},\"orderNum\":1,\"params\":{},\"parentId\":101,\"parentName\":\"\",\"status\":\"0\",\"updateBy\":\"admin\",\"updateTime\":\"2023-10-24 13:37:03\"}','{\"msg\":\"\",\"code\":200}',0,'','2023-10-24 13:37:03'),(5,NULL,'2023-10-24 13:39:34',NULL,NULL,0,'',2,'com.alphay.boot.web.controller.system.SysDeptController.edit()','PUT',1,'admin','','/system/dept','127.0.0.1','IP','{\"ancestors\":\"0,100,101\",\"children\":[],\"deptId\":103,\"deptName\":\"\",\"leader\":{\"admin\":true,\"params\":{},\"userId\":1},\"orderNum\":1,\"params\":{},\"parentId\":101,\"parentName\":\"\",\"status\":\"0\",\"updateBy\":\"admin\"}','',1,'nested exception is org.apache.ibatis.reflection.ReflectionException: There is no getter for property named \'phone\' in \'class com.alphay.boot.common.core.domain.entity.SysDept\'','2023-10-24 13:39:34'),(6,NULL,'2023-10-24 13:40:23',NULL,NULL,0,'',2,'com.alphay.boot.web.controller.system.SysDeptController.edit()','PUT',1,'admin','','/system/dept','127.0.0.1','IP','{\"ancestors\":\"0,100,101\",\"children\":[],\"deptId\":103,\"deptName\":\"\",\"leader\":{\"admin\":true,\"params\":{},\"userId\":1},\"orderNum\":1,\"params\":{},\"parentId\":101,\"parentName\":\"\",\"status\":\"0\",\"updateBy\":\"admin\",\"updateTime\":\"2023-10-24 13:40:23\"}','{\"msg\":\"\",\"code\":200}',0,'','2023-10-24 13:40:23'),(7,NULL,'2023-10-24 14:57:25',NULL,NULL,0,'',2,'com.alphay.boot.web.controller.system.SysUserGroupController.update()','PUT',1,'admin','','/system/user-group/update','127.0.0.1','IP','{\"id\":1,\"memberUserIds\":[1],\"params\":{},\"updateBy\":\"admin\",\"updateTime\":\"2023-10-24 14:57:25\"}','{\"msg\":\"\",\"code\":200}',0,'','2023-10-24 14:57:25'),(8,NULL,'2023-10-24 14:57:39',NULL,NULL,0,'',2,'com.alphay.boot.web.controller.system.SysUserGroupController.update()','PUT',1,'admin','','/system/user-group/update','127.0.0.1','IP','{\"id\":1,\"memberUserIds\":[1,2],\"params\":{},\"updateBy\":\"admin\",\"updateTime\":\"2023-10-24 14:57:39\"}','{\"msg\":\"\",\"code\":200}',0,'','2023-10-24 14:57:39'),(9,NULL,'2023-10-24 15:01:48',NULL,NULL,0,'',2,'com.alphay.boot.web.controller.system.SysUserGroupController.update()','PUT',1,'admin','','/system/user-group/update','127.0.0.1','IP','{\"id\":1,\"memberUserIds\":[1,2],\"params\":{},\"updateBy\":\"admin\",\"updateTime\":\"2023-10-24 15:01:48\"}','{\"msg\":\"\",\"code\":200}',0,'','2023-10-24 15:01:48'),(10,NULL,'2023-10-24 15:02:51',NULL,NULL,0,'',2,'com.alphay.boot.web.controller.system.SysUserGroupController.update()','PUT',1,'admin','','/system/user-group/update','127.0.0.1','IP','{\"id\":1,\"memberUserIds\":[1,2],\"params\":{},\"updateBy\":\"admin\",\"updateTime\":\"2023-10-24 15:02:51\"}','{\"msg\":\"\",\"code\":200}',0,'','2023-10-24 15:02:51'),(11,NULL,'2023-10-24 15:05:03',NULL,NULL,0,'',2,'com.alphay.boot.web.controller.system.SysUserGroupController.update()','PUT',1,'admin','','/system/user-group/update','127.0.0.1','IP','{\"id\":1,\"memberUserIds\":[1,2],\"params\":{},\"updateBy\":\"admin\",\"updateTime\":\"2023-10-24 15:05:03\"}','{\"msg\":\"\",\"code\":200}',0,'','2023-10-24 15:05:03'),(12,NULL,'2023-10-24 15:06:26',NULL,NULL,0,'',2,'com.alphay.boot.web.controller.system.SysUserGroupController.update()','PUT',1,'admin','','/system/user-group/update','127.0.0.1','IP','{\"id\":1,\"memberUserIds\":[1,2],\"params\":{},\"updateBy\":\"admin\",\"updateTime\":\"2023-10-24 15:06:26\"}','{\"msg\":\"\",\"code\":200}',0,'','2023-10-24 15:06:26'),(13,NULL,'2023-10-24 15:06:33',NULL,NULL,0,'',2,'com.alphay.boot.web.controller.system.SysUserGroupController.update()','PUT',1,'admin','','/system/user-group/update','127.0.0.1','IP','{\"id\":1,\"memberUserIds\":[1,2],\"params\":{},\"updateBy\":\"admin\",\"updateTime\":\"2023-10-24 15:06:32\"}','{\"msg\":\"\",\"code\":200}',0,'','2023-10-24 15:06:33'),(14,NULL,'2023-10-24 15:06:37',NULL,NULL,0,'',2,'com.alphay.boot.web.controller.system.SysUserGroupController.update()','PUT',1,'admin','','/system/user-group/update','127.0.0.1','IP','{\"id\":1,\"memberUserIds\":[1,2],\"params\":{},\"updateBy\":\"admin\",\"updateTime\":\"2023-10-24 15:06:37\"}','{\"msg\":\"\",\"code\":200}',0,'','2023-10-24 15:06:37'),(15,NULL,'2023-10-24 15:06:39',NULL,NULL,0,'',2,'com.alphay.boot.web.controller.system.SysUserGroupController.update()','PUT',1,'admin','','/system/user-group/update','127.0.0.1','IP','{\"createTime\":\"2023-10-21 13:24:52\",\"description\":\"D3code user group\",\"id\":1,\"memberUserIds\":[1,2],\"name\":\"D3code\",\"params\":{},\"status\":\"0\",\"updateBy\":\"admin\",\"updateTime\":\"2023-10-24 15:05:03\",\"users\":[{\"admin\":true,\"avatar\":\"\",\"createBy\":\"admin\",\"createTime\":\"2023-05-19 13:04:00\",\"deleted\":0,\"dept\":{\"children\":[],\"deptId\":103,\"deptName\":\"\",\"params\":{}},\"deptId\":103,\"email\":\"ah@q163.com\",\"loginDate\":\"2023-10-24 13:03:44\",\"loginIp\":\"127.0.0.1\",\"nickName\":\"\",\"params\":{},\"phonenumber\":\"15888888888\",\"remark\":\"\",\"roles\":[],\"sex\":\"1\",\"status\":\"0\",\"userId\":1,\"userName\":\"admin\"},{\"admin\":false,\"avatar\":\"\",\"createBy\":\"admin\",\"createTime\":\"2023-05-19 13:04:00\",\"deleted\":0,\"dept\":{\"children\":[],\"deptId\":105,\"deptName\":\"\",\"leaderUserId\":1,\"params\":{}},\"deptId\":105,\"email\":\"ah@qq.com\",\"loginDate\":\"2023-05-19 13:04:00\",\"loginIp\":\"127.0.0.1\",\"nickName\":\"\",\"params\":{},\"phonenumber\":\"15666666666\",\"remark\":\"\",\"roles\":[],\"sex\":\"1\",\"status\":\"0\",\"userId\":2,\"userName\":\"ah\"}]}','{\"msg\":\"\",\"code\":200}',0,'','2023-10-24 15:06:39'),(16,NULL,'2023-10-24 15:18:11',NULL,NULL,0,'',2,'com.alphay.boot.web.controller.system.SysMenuController.edit()','PUT',1,'admin','','/system/menu','127.0.0.1','IP','{\"component\":\"system/user/group/index\",\"createBy\":\"admin\",\"createTime\":\"2023-05-19 13:04:00\",\"deleted\":0,\"icon\":\"user-group\",\"isCache\":\"0\",\"isFrame\":\"1\",\"menuId\":2014,\"menuName\":\"\",\"menuType\":\"C\",\"orderNum\":2,\"params\":{},\"parentId\":1,\"path\":\"userGroup\",\"perms\":\"system:userGroup:list\",\"remark\":\"\",\"status\":\"0\",\"updateBy\":\"admin\",\"updateTime\":\"2023-10-21 13:07:28\",\"visible\":\"0\"}','{\"msg\":\"\",\"code\":200}',0,'','2023-10-24 15:18:11'),(17,NULL,'2023-10-24 15:18:18',NULL,NULL,0,'',2,'com.alphay.boot.web.controller.system.SysMenuController.edit()','PUT',1,'admin','','/system/menu','127.0.0.1','IP','{\"component\":\"system/user/group/index\",\"createBy\":\"admin\",\"createTime\":\"2023-05-19 13:04:00\",\"deleted\":0,\"icon\":\"user-group\",\"isCache\":\"0\",\"isFrame\":\"1\",\"menuId\":2014,\"menuName\":\"\",\"menuType\":\"C\",\"orderNum\":3,\"params\":{},\"parentId\":1,\"path\":\"userGroup\",\"perms\":\"system:userGroup:list\",\"remark\":\"\",\"status\":\"0\",\"updateBy\":\"admin\",\"updateTime\":\"2023-10-21 13:07:28\",\"visible\":\"0\"}','{\"msg\":\"\",\"code\":200}',0,'','2023-10-24 15:18:18'),(18,NULL,'2023-10-24 15:18:26',NULL,NULL,0,'',2,'com.alphay.boot.web.controller.system.SysMenuController.edit()','PUT',1,'admin','','/system/menu','127.0.0.1','IP','{\"component\":\"system/role/index\",\"createBy\":\"admin\",\"createTime\":\"2023-05-19 13:04:00\",\"deleted\":0,\"icon\":\"peoples\",\"isCache\":\"0\",\"isFrame\":\"1\",\"menuId\":101,\"menuName\":\"\",\"menuType\":\"C\",\"orderNum\":2,\"params\":{},\"parentId\":1,\"path\":\"role\",\"perms\":\"system:role:list\",\"query\":\"\",\"remark\":\"\",\"status\":\"0\",\"updateBy\":\"admin\",\"updateTime\":\"2023-10-21 13:15:38\",\"visible\":\"0\"}','{\"msg\":\"\",\"code\":200}',0,'','2023-10-24 15:18:26'),(19,NULL,'2023-10-25 10:25:57',NULL,NULL,0,'',4,'com.alphay.boot.web.controller.system.SysRoleController.selectAuthUserGroupAll()','PUT',1,'admin','','/system/role/authUserGroup/selectAll','127.0.0.1','IP','2 [1]','',1,'Invalid bound statement (not found): com.alphay.boot.system.mapper.SysUserGroupRoleMapper.batchUserGroupRole','2023-10-25 10:25:57'),(20,NULL,'2023-10-25 10:28:28',NULL,NULL,0,'',4,'com.alphay.boot.web.controller.system.SysRoleController.selectAuthUserGroupAll()','PUT',1,'admin','','/system/role/authUserGroup/selectAll','127.0.0.1','IP','2 [1]','{\"msg\":\"\",\"code\":200}',0,'','2023-10-25 10:28:28'),(21,NULL,'2023-10-25 10:28:34',NULL,NULL,0,'',4,'com.alphay.boot.web.controller.system.SysRoleController.cancelAuthUserAll()','PUT',1,'admin','','/system/role/authUser/cancelAll','127.0.0.1','IP','2 []','',1,'\r\n### Error updating database.  Cause: java.sql.SQLSyntaxErrorException: You have an error in your SQL syntax; check the manual that corresponds to your MySQL server version for the right syntax to use near \'\' at line 1\r\n### The error may exist in file [D:\\Develop\\java\\ruoyi-vue-mybatis-plus\\d3code-system\\target\\classes\\mapper\\system\\SysUserRoleMapper.xml]\r\n### The error may involve defaultParameterMap\r\n### The error occurred while setting parameters\r\n### SQL: delete from sys_user_role where role_id=? and user_id in\r\n### Cause: java.sql.SQLSyntaxErrorException: You have an error in your SQL syntax; check the manual that corresponds to your MySQL server version for the right syntax to use near \'\' at line 1\n; bad SQL grammar []; nested exception is java.sql.SQLSyntaxErrorException: You have an error in your SQL syntax; check the manual that corresponds to your MySQL server version for the right syntax to use near \'\' at line 1','2023-10-25 10:28:34'),(22,NULL,'2023-10-25 10:31:46',NULL,NULL,0,'',4,'com.alphay.boot.web.controller.system.SysRoleController.cancelAuthUserGroupAll()','PUT',1,'admin','','/system/role/authUserGroup/cancelAll','127.0.0.1','IP','2 [1]','',1,'nested exception is org.apache.ibatis.binding.BindingException: Parameter \'userGroupIds\' not found. Available parameters are [arg1, arg0, param1, param2]','2023-10-25 10:31:46'),(23,NULL,'2023-10-25 10:35:16',NULL,NULL,0,'',4,'com.alphay.boot.web.controller.system.SysRoleController.cancelAuthUserGroupAll()','PUT',1,'admin','','/system/role/authUserGroup/cancelAll','127.0.0.1','IP','2 [1]','{\"msg\":\"\",\"code\":200}',0,'','2023-10-25 10:35:16'),(24,NULL,'2023-10-25 10:35:21',NULL,NULL,0,'',4,'com.alphay.boot.web.controller.system.SysRoleController.selectAuthUserGroupAll()','PUT',1,'admin','','/system/role/authUserGroup/selectAll','127.0.0.1','IP','2 [1]','{\"msg\":\"\",\"code\":200}',0,'','2023-10-25 10:35:21'),(25,NULL,'2023-10-25 10:35:23',NULL,NULL,0,'',4,'com.alphay.boot.web.controller.system.SysRoleController.cancelAuthUserGroup()','PUT',1,'admin','','/system/role/authUserGroup/cancel','127.0.0.1','IP','{\"groupId\":1,\"roleId\":2}','{\"msg\":\"\",\"code\":200}',0,'','2023-10-25 10:35:23'),(26,NULL,'2023-10-25 10:47:37',NULL,NULL,0,'',1,'com.alphay.boot.web.controller.system.SysUserController.add()','POST',1,'admin','','/system/user','127.0.0.1','IP','{\"admin\":false,\"createBy\":\"admin\",\"createTime\":\"2023-10-25 10:47:37\",\"deleted\":0,\"deptId\":108,\"nickName\":\"test\",\"params\":{},\"phonenumber\":\"19066666666\",\"postIds\":[],\"roleIds\":[],\"status\":\"0\",\"userId\":100,\"userName\":\"ahdev\"}','{\"msg\":\"\",\"code\":200}',0,'','2023-10-25 10:47:37'),(27,NULL,'2023-10-25 10:47:55',NULL,NULL,0,'',2,'com.alphay.boot.web.controller.system.SysUserGroupController.update()','PUT',1,'admin','','/system/user-group/update','127.0.0.1','IP','{\"id\":1,\"memberUserIds\":[100],\"params\":{},\"updateBy\":\"admin\",\"updateTime\":\"2023-10-25 10:47:54\"}','{\"msg\":\"\",\"code\":200}',0,'','2023-10-25 10:47:55'),(28,NULL,'2023-10-25 10:47:56',NULL,NULL,0,'',2,'com.alphay.boot.web.controller.system.SysUserGroupController.update()','PUT',1,'admin','','/system/user-group/update','127.0.0.1','IP','{\"createTime\":\"2023-10-21 13:24:52\",\"description\":\"D3code user group\",\"id\":1,\"name\":\"D3code\",\"params\":{},\"status\":\"0\",\"updateBy\":\"admin\",\"updateTime\":\"2023-10-24 15:05:03\",\"users\":[{\"admin\":false,\"avatar\":\"\",\"createBy\":\"admin\",\"createTime\":\"2023-10-25 10:47:37\",\"deleted\":0,\"dept\":{\"children\":[],\"deptId\":108,\"deptName\":\"\",\"leaderUserId\":1,\"params\":{}},\"deptId\":108,\"email\":\"\",\"loginIp\":\"\",\"nickName\":\"test\",\"params\":{},\"phonenumber\":\"19066666666\",\"roles\":[],\"sex\":\"0\",\"status\":\"0\",\"userId\":100,\"userName\":\"ahdev\"}]}','{\"msg\":\"\",\"code\":200}',0,'','2023-10-25 10:47:56'),(29,NULL,'2023-10-25 10:48:07',NULL,NULL,0,'',4,'com.alphay.boot.web.controller.system.SysRoleController.selectAuthUserGroupAll()','PUT',1,'admin','','/system/role/authUserGroup/selectAll','127.0.0.1','IP','2 [1]','{\"msg\":\"\",\"code\":200}',0,'','2023-10-25 10:48:07');
/*!40000 ALTER TABLE `sys_oper_log` ENABLE KEYS */;
UNLOCK TABLES;

--
-- Table structure for table `sys_oss_config`
--

DROP TABLE IF EXISTS `sys_oss_config`;
/*!40101 SET @saved_cs_client     = @@character_set_client */;
/*!50503 SET character_set_client = utf8mb4 */;
CREATE TABLE `sys_oss_config` (
  `id` int NOT NULL AUTO_INCREMENT,
  `create_time` datetime DEFAULT NULL,
  `create_by` varchar(30) DEFAULT NULL,
  `update_time` datetime DEFAULT NULL,
  `update_by` varchar(30) DEFAULT NULL,
  `deleted` tinyint DEFAULT NULL,
  `name` varchar(30) DEFAULT NULL,
  `oss_type` varchar(30) DEFAULT NULL,
  `config` varchar(1000) DEFAULT NULL,
  `remark` varchar(255) DEFAULT NULL,
  `status` varchar(30) DEFAULT NULL,
  PRIMARY KEY (`id`)
) ENGINE=InnoDB AUTO_INCREMENT=5 DEFAULT CHARSET=utf8mb4 COLLATE=utf8mb4_0900_ai_ci;
/*!40101 SET character_set_client = @saved_cs_client */;

--
-- Dumping data for table `sys_oss_config`
--

LOCK TABLES `sys_oss_config` WRITE;
/*!40000 ALTER TABLE `sys_oss_config` DISABLE KEYS */;
INSERT INTO `sys_oss_config` VALUES (3,'2023-10-14 22:04:10','admin','2023-10-20 17:21:51','admin',0,'','tencent_cos','{\"appId\":\"1319610221\",\"region\":\"ap-shanghai\",\"secretId\":\"332211\",\"secretKey\":\"112233\",\"bucketName\":\"default\"}',NULL,'1'),(4,'2023-10-20 14:53:20','admin','2023-10-20 19:51:29','admin',0,'','local','{\"domain\":\"http://localhost:8080\",\"bucketName\":\"/\",\"filePath\":\"./uploadPath\"}',NULL,'0');
/*!40000 ALTER TABLE `sys_oss_config` ENABLE KEYS */;
UNLOCK TABLES;

--
-- Table structure for table `sys_post`
--

DROP TABLE IF EXISTS `sys_post`;
/*!40101 SET @saved_cs_client     = @@character_set_client */;
/*!50503 SET character_set_client = utf8mb4 */;
CREATE TABLE `sys_post` (
  `post_id` bigint NOT NULL AUTO_INCREMENT COMMENT 'ID',
  `post_code` varchar(64) CHARACTER SET utf8mb4 COLLATE utf8mb4_0900_ai_ci NOT NULL COMMENT '',
  `post_name` varchar(50) CHARACTER SET utf8mb4 COLLATE utf8mb4_0900_ai_ci NOT NULL COMMENT '',
  `post_sort` int NOT NULL COMMENT '',
  `status` char(1) CHARACTER SET utf8mb4 COLLATE utf8mb4_0900_ai_ci NOT NULL COMMENT '0 1',
  `create_by` varchar(64) CHARACTER SET utf8mb4 COLLATE utf8mb4_0900_ai_ci DEFAULT '' COMMENT '',
  `create_time` datetime DEFAULT NULL COMMENT '',
  `update_by` varchar(64) CHARACTER SET utf8mb4 COLLATE utf8mb4_0900_ai_ci DEFAULT '' COMMENT '',
  `update_time` datetime DEFAULT NULL COMMENT '',
  `deleted` tinyint DEFAULT NULL,
  `remark` varchar(500) CHARACTER SET utf8mb4 COLLATE utf8mb4_0900_ai_ci DEFAULT NULL COMMENT '',
  PRIMARY KEY (`post_id`) USING BTREE
) ENGINE=InnoDB AUTO_INCREMENT=5 DEFAULT CHARSET=utf8mb4 COLLATE=utf8mb4_0900_ai_ci ROW_FORMAT=DYNAMIC COMMENT='';
/*!40101 SET character_set_client = @saved_cs_client */;

--
-- Dumping data for table `sys_post`
--

LOCK TABLES `sys_post` WRITE;
/*!40000 ALTER TABLE `sys_post` DISABLE KEYS */;
INSERT INTO `sys_post` VALUES (1,'ceo','',1,'0','admin','2023-05-19 13:04:00','',NULL,0,''),(2,'se','',2,'0','admin','2023-05-19 13:04:00','',NULL,0,''),(3,'hr','',3,'0','admin','2023-05-19 13:04:00','',NULL,0,''),(4,'user','',4,'0','admin','2023-05-19 13:04:00','',NULL,0,'');
/*!40000 ALTER TABLE `sys_post` ENABLE KEYS */;
UNLOCK TABLES;

--
-- Table structure for table `sys_role`
--

DROP TABLE IF EXISTS `sys_role`;
/*!40101 SET @saved_cs_client     = @@character_set_client */;
/*!50503 SET character_set_client = utf8mb4 */;
CREATE TABLE `sys_role` (
  `role_id` bigint NOT NULL AUTO_INCREMENT COMMENT 'ID',
  `role_name` varchar(30) CHARACTER SET utf8mb4 COLLATE utf8mb4_0900_ai_ci NOT NULL COMMENT '',
  `role_key` varchar(100) CHARACTER SET utf8mb4 COLLATE utf8mb4_0900_ai_ci NOT NULL COMMENT '',
  `role_sort` int NOT NULL COMMENT '',
  `data_scope` char(1) CHARACTER SET utf8mb4 COLLATE utf8mb4_0900_ai_ci DEFAULT '1' COMMENT '1 2 3 4',
  `menu_check_strictly` tinyint(1) DEFAULT '1' COMMENT '',
  `dept_check_strictly` tinyint(1) DEFAULT '1' COMMENT '',
  `status` char(1) CHARACTER SET utf8mb4 COLLATE utf8mb4_0900_ai_ci NOT NULL COMMENT '0 1',
  `create_by` varchar(64) CHARACTER SET utf8mb4 COLLATE utf8mb4_0900_ai_ci DEFAULT '' COMMENT '',
  `create_time` datetime DEFAULT NULL COMMENT '',
  `update_by` varchar(64) CHARACTER SET utf8mb4 COLLATE utf8mb4_0900_ai_ci DEFAULT '' COMMENT '',
  `update_time` datetime DEFAULT NULL COMMENT '',
  `deleted` tinyint DEFAULT NULL,
  `remark` varchar(500) CHARACTER SET utf8mb4 COLLATE utf8mb4_0900_ai_ci DEFAULT NULL COMMENT '',
  PRIMARY KEY (`role_id`) USING BTREE
) ENGINE=InnoDB AUTO_INCREMENT=100 DEFAULT CHARSET=utf8mb4 COLLATE=utf8mb4_0900_ai_ci ROW_FORMAT=DYNAMIC COMMENT='';
/*!40101 SET character_set_client = @saved_cs_client */;

--
-- Dumping data for table `sys_role`
--

LOCK TABLES `sys_role` WRITE;
/*!40000 ALTER TABLE `sys_role` DISABLE KEYS */;
INSERT INTO `sys_role` VALUES (1,'','admin',1,'1',1,1,'0','admin','2023-05-19 13:04:00','',NULL,0,''),(2,'','common',2,'2',1,1,'0','admin','2023-05-19 13:04:00','admin','2023-10-20 20:34:56',0,'');
/*!40000 ALTER TABLE `sys_role` ENABLE KEYS */;
UNLOCK TABLES;

--
-- Table structure for table `sys_role_dept`
--

DROP TABLE IF EXISTS `sys_role_dept`;
/*!40101 SET @saved_cs_client     = @@character_set_client */;
/*!50503 SET character_set_client = utf8mb4 */;
CREATE TABLE `sys_role_dept` (
  `role_id` bigint NOT NULL COMMENT 'ID',
  `dept_id` bigint NOT NULL COMMENT 'ID',
  PRIMARY KEY (`role_id`,`dept_id`) USING BTREE
) ENGINE=InnoDB DEFAULT CHARSET=utf8mb4 COLLATE=utf8mb4_0900_ai_ci ROW_FORMAT=DYNAMIC COMMENT='';
/*!40101 SET character_set_client = @saved_cs_client */;

--
-- Dumping data for table `sys_role_dept`
--

LOCK TABLES `sys_role_dept` WRITE;
/*!40000 ALTER TABLE `sys_role_dept` DISABLE KEYS */;
INSERT INTO `sys_role_dept` VALUES (2,100),(2,101),(2,105);
/*!40000 ALTER TABLE `sys_role_dept` ENABLE KEYS */;
UNLOCK TABLES;

--
-- Table structure for table `sys_role_menu`
--

DROP TABLE IF EXISTS `sys_role_menu`;
/*!40101 SET @saved_cs_client     = @@character_set_client */;
/*!50503 SET character_set_client = utf8mb4 */;
CREATE TABLE `sys_role_menu` (
  `role_id` bigint NOT NULL COMMENT 'ID',
  `menu_id` bigint NOT NULL COMMENT 'ID',
  PRIMARY KEY (`role_id`,`menu_id`) USING BTREE
) ENGINE=InnoDB DEFAULT CHARSET=utf8mb4 COLLATE=utf8mb4_0900_ai_ci ROW_FORMAT=DYNAMIC COMMENT='';
/*!40101 SET character_set_client = @saved_cs_client */;

--
-- Dumping data for table `sys_role_menu`
--

LOCK TABLES `sys_role_menu` WRITE;
/*!40000 ALTER TABLE `sys_role_menu` DISABLE KEYS */;
INSERT INTO `sys_role_menu` VALUES (2,1),(2,2),(2,3),(2,4),(2,100),(2,101),(2,102),(2,103),(2,104),(2,105),(2,106),(2,107),(2,108),(2,109),(2,110),(2,111),(2,112),(2,113),(2,114),(2,115),(2,116),(2,117),(2,500),(2,501),(2,1000),(2,1001),(2,1002),(2,1003),(2,1004),(2,1005),(2,1006),(2,1007),(2,1008),(2,1009),(2,1010),(2,1011),(2,1012),(2,1013),(2,1014),(2,1015),(2,1016),(2,1017),(2,1018),(2,1019),(2,1020),(2,1021),(2,1022),(2,1023),(2,1024),(2,1025),(2,1026),(2,1027),(2,1028),(2,1029),(2,1030),(2,1031),(2,1032),(2,1033),(2,1034),(2,1035),(2,1036),(2,1037),(2,1038),(2,1039),(2,1040),(2,1041),(2,1042),(2,1043),(2,1044),(2,1045),(2,1046),(2,1047),(2,1048),(2,1049),(2,1050),(2,1051),(2,1052),(2,1053),(2,1054),(2,1055),(2,1056),(2,1057),(2,1058),(2,1059),(2,1060);
/*!40000 ALTER TABLE `sys_role_menu` ENABLE KEYS */;
UNLOCK TABLES;

--
-- Table structure for table `sys_user`
--

DROP TABLE IF EXISTS `sys_user`;
/*!40101 SET @saved_cs_client     = @@character_set_client */;
/*!50503 SET character_set_client = utf8mb4 */;
CREATE TABLE `sys_user` (
  `user_id` bigint NOT NULL AUTO_INCREMENT COMMENT 'ID',
  `create_time` datetime DEFAULT NULL COMMENT '',
  `create_by` varchar(64) CHARACTER SET utf8mb4 COLLATE utf8mb4_0900_ai_ci DEFAULT '' COMMENT '',
  `update_time` datetime DEFAULT NULL COMMENT '',
  `update_by` varchar(64) CHARACTER SET utf8mb4 COLLATE utf8mb4_0900_ai_ci DEFAULT '' COMMENT '',
  `deleted` tinyint DEFAULT NULL COMMENT '',
  `dept_id` bigint DEFAULT NULL COMMENT 'ID',
  `user_name` varchar(30) CHARACTER SET utf8mb4 COLLATE utf8mb4_0900_ai_ci NOT NULL COMMENT '',
  `nick_name` varchar(30) CHARACTER SET utf8mb4 COLLATE utf8mb4_0900_ai_ci NOT NULL COMMENT '',
  `user_type` varchar(2) CHARACTER SET utf8mb4 COLLATE utf8mb4_0900_ai_ci DEFAULT '00' COMMENT '00',
  `email` varchar(50) CHARACTER SET utf8mb4 COLLATE utf8mb4_0900_ai_ci DEFAULT '' COMMENT '',
  `phonenumber` varchar(11) CHARACTER SET utf8mb4 COLLATE utf8mb4_0900_ai_ci DEFAULT '' COMMENT '',
  `sex` char(1) CHARACTER SET utf8mb4 COLLATE utf8mb4_0900_ai_ci DEFAULT '0' COMMENT '0 1 2',
  `avatar` varchar(100) CHARACTER SET utf8mb4 COLLATE utf8mb4_0900_ai_ci DEFAULT '' COMMENT '',
  `password` varchar(100) CHARACTER SET utf8mb4 COLLATE utf8mb4_0900_ai_ci DEFAULT '' COMMENT '',
  `status` char(1) CHARACTER SET utf8mb4 COLLATE utf8mb4_0900_ai_ci DEFAULT '0' COMMENT '0 1',
  `login_ip` varchar(128) CHARACTER SET utf8mb4 COLLATE utf8mb4_0900_ai_ci DEFAULT '' COMMENT 'IP',
  `login_date` datetime DEFAULT NULL COMMENT '',
  `remark` varchar(500) CHARACTER SET utf8mb4 COLLATE utf8mb4_0900_ai_ci DEFAULT NULL COMMENT '',
  PRIMARY KEY (`user_id`) USING BTREE
) ENGINE=InnoDB AUTO_INCREMENT=101 DEFAULT CHARSET=utf8mb4 COLLATE=utf8mb4_0900_ai_ci ROW_FORMAT=DYNAMIC COMMENT='';
/*!40101 SET character_set_client = @saved_cs_client */;

--
-- Dumping data for table `sys_user`
--

LOCK TABLES `sys_user` WRITE;
/*!40000 ALTER TABLE `sys_user` DISABLE KEYS */;
INSERT INTO `sys_user` VALUES (1,'2023-05-19 13:04:00','admin','2023-10-25 10:24:53','',0,103,'admin','','00','ah@q163.com','15888888888','1','','$2a$10$7JB720yubVSZvUI0rEqK/.VqGOZTH.ulu33dHOiBE8ByOhJIrdAu2','0','127.0.0.1','2023-10-25 10:24:53',''),(2,'2023-05-19 13:04:00','admin',NULL,'',0,105,'ah','','00','ah@qq.com','15666666666','1','','$2a$10$7JB720yubVSZvUI0rEqK/.VqGOZTH.ulu33dHOiBE8ByOhJIrdAu2','0','127.0.0.1','2023-05-19 13:04:00',''),(100,'2023-10-25 10:47:37','admin',NULL,'',0,108,'ahdev','test','00','','19066666666','0','','$2a$10$Q8ZBYevJFit7IYSd1jkEyO6n6rY0UocX09Ai0U4.vGr6WgyG2mCJW','0','',NULL,NULL);
/*!40000 ALTER TABLE `sys_user` ENABLE KEYS */;
UNLOCK TABLES;

--
-- Table structure for table `sys_user_group`
--

DROP TABLE IF EXISTS `sys_user_group`;
/*!40101 SET @saved_cs_client     = @@character_set_client */;
/*!50503 SET character_set_client = utf8mb4 */;
CREATE TABLE `sys_user_group` (
  `id` int NOT NULL AUTO_INCREMENT,
  `create_time` datetime DEFAULT NULL,
  `create_by` varchar(30) CHARACTER SET utf8mb4 COLLATE utf8mb4_0900_ai_ci DEFAULT NULL,
  `update_time` datetime DEFAULT NULL,
  `update_by` varchar(30) CHARACTER SET utf8mb4 COLLATE utf8mb4_0900_ai_ci DEFAULT NULL,
  `deleted` tinyint DEFAULT NULL,
  `name` varchar(255) CHARACTER SET utf8mb4 COLLATE utf8mb4_0900_ai_ci DEFAULT NULL,
  `description` varchar(255) CHARACTER SET utf8mb4 COLLATE utf8mb4_0900_ai_ci DEFAULT NULL,
  `status` char(1) DEFAULT NULL,
  `remark` varchar(255) CHARACTER SET utf8mb4 COLLATE utf8mb4_0900_ai_ci DEFAULT NULL,
  PRIMARY KEY (`id`) USING BTREE
) ENGINE=InnoDB AUTO_INCREMENT=2 DEFAULT CHARSET=utf8mb4 COLLATE=utf8mb4_0900_ai_ci ROW_FORMAT=DYNAMIC;
/*!40101 SET character_set_client = @saved_cs_client */;

--
-- Dumping data for table `sys_user_group`
--

LOCK TABLES `sys_user_group` WRITE;
/*!40000 ALTER TABLE `sys_user_group` DISABLE KEYS */;
INSERT INTO `sys_user_group` VALUES (1,'2023-10-21 13:24:52',NULL,'2023-10-24 15:05:03','admin',0,'D3code','D3code user group','0',NULL);
/*!40000 ALTER TABLE `sys_user_group` ENABLE KEYS */;
UNLOCK TABLES;

--
-- Table structure for table `sys_user_group_relation`
--

DROP TABLE IF EXISTS `sys_user_group_relation`;
/*!40101 SET @saved_cs_client     = @@character_set_client */;
/*!50503 SET character_set_client = utf8mb4 */;
CREATE TABLE `sys_user_group_relation` (
  `user_id` int DEFAULT NULL,
  `group_id` int DEFAULT NULL
) ENGINE=InnoDB DEFAULT CHARSET=utf8mb4 COLLATE=utf8mb4_0900_ai_ci;
/*!40101 SET character_set_client = @saved_cs_client */;

--
-- Dumping data for table `sys_user_group_relation`
--

LOCK TABLES `sys_user_group_relation` WRITE;
/*!40000 ALTER TABLE `sys_user_group_relation` DISABLE KEYS */;
INSERT INTO `sys_user_group_relation` VALUES (100,1);
/*!40000 ALTER TABLE `sys_user_group_relation` ENABLE KEYS */;
UNLOCK TABLES;

--
-- Table structure for table `sys_user_post`
--

DROP TABLE IF EXISTS `sys_user_post`;
/*!40101 SET @saved_cs_client     = @@character_set_client */;
/*!50503 SET character_set_client = utf8mb4 */;
CREATE TABLE `sys_user_post` (
  `user_id` bigint NOT NULL COMMENT 'ID',
  `post_id` bigint NOT NULL COMMENT 'ID',
  PRIMARY KEY (`user_id`,`post_id`) USING BTREE
) ENGINE=InnoDB DEFAULT CHARSET=utf8mb4 COLLATE=utf8mb4_0900_ai_ci ROW_FORMAT=DYNAMIC COMMENT='';
/*!40101 SET character_set_client = @saved_cs_client */;

--
-- Dumping data for table `sys_user_post`
--

LOCK TABLES `sys_user_post` WRITE;
/*!40000 ALTER TABLE `sys_user_post` DISABLE KEYS */;
INSERT INTO `sys_user_post` VALUES (1,1),(2,2);
/*!40000 ALTER TABLE `sys_user_post` ENABLE KEYS */;
UNLOCK TABLES;

--
-- Table structure for table `sys_user_role`
--

DROP TABLE IF EXISTS `sys_user_role`;
/*!40101 SET @saved_cs_client     = @@character_set_client */;
/*!50503 SET character_set_client = utf8mb4 */;
CREATE TABLE `sys_user_role` (
  `user_id` bigint NOT NULL COMMENT 'ID',
  `role_id` bigint NOT NULL COMMENT 'ID',
  PRIMARY KEY (`user_id`,`role_id`) USING BTREE
) ENGINE=InnoDB DEFAULT CHARSET=utf8mb4 COLLATE=utf8mb4_0900_ai_ci ROW_FORMAT=DYNAMIC COMMENT='';
/*!40101 SET character_set_client = @saved_cs_client */;

--
-- Dumping data for table `sys_user_role`
--

LOCK TABLES `sys_user_role` WRITE;
/*!40000 ALTER TABLE `sys_user_role` DISABLE KEYS */;
INSERT INTO `sys_user_role` VALUES (1,1),(2,2);
/*!40000 ALTER TABLE `sys_user_role` ENABLE KEYS */;
UNLOCK TABLES;

--
-- Table structure for table `test_table`
--

DROP TABLE IF EXISTS `test_table`;
/*!40101 SET @saved_cs_client     = @@character_set_client */;
/*!50503 SET character_set_client = utf8mb4 */;
CREATE TABLE `test_table` (
  `id` int NOT NULL AUTO_INCREMENT,
  `create_time` datetime DEFAULT NULL,
  `create_by` varchar(255) CHARACTER SET utf8mb4 COLLATE utf8mb4_0900_ai_ci DEFAULT NULL,
  `update_time` datetime DEFAULT NULL,
  `update_by` varchar(255) CHARACTER SET utf8mb4 COLLATE utf8mb4_0900_ai_ci DEFAULT NULL,
  `deleted` tinyint DEFAULT NULL,
  `name` varchar(255) CHARACTER SET utf8mb4 COLLATE utf8mb4_0900_ai_ci DEFAULT NULL,
  `remark` varchar(255) CHARACTER SET utf8mb4 COLLATE utf8mb4_0900_ai_ci DEFAULT NULL,
  PRIMARY KEY (`id`) USING BTREE
) ENGINE=InnoDB DEFAULT CHARSET=utf8mb4 COLLATE=utf8mb4_0900_ai_ci ROW_FORMAT=DYNAMIC;
/*!40101 SET character_set_client = @saved_cs_client */;

--
-- Dumping data for table `test_table`
--

LOCK TABLES `test_table` WRITE;
/*!40000 ALTER TABLE `test_table` DISABLE KEYS */;
/*!40000 ALTER TABLE `test_table` ENABLE KEYS */;
UNLOCK TABLES;
/*!40103 SET TIME_ZONE=@OLD_TIME_ZONE */;

/*!40101 SET SQL_MODE=@OLD_SQL_MODE */;
/*!40014 SET FOREIGN_KEY_CHECKS=@OLD_FOREIGN_KEY_CHECKS */;
/*!40014 SET UNIQUE_CHECKS=@OLD_UNIQUE_CHECKS */;
/*!40101 SET CHARACTER_SET_CLIENT=@OLD_CHARACTER_SET_CLIENT */;
/*!40101 SET CHARACTER_SET_RESULTS=@OLD_CHARACTER_SET_RESULTS */;
/*!40101 SET COLLATION_CONNECTION=@OLD_COLLATION_CONNECTION */;
/*!40111 SET SQL_NOTES=@OLD_SQL_NOTES */;

-- Dump completed on 2023-10-25 10:57:21
